"","X","az","date","senat","anordnung","link","year","kammer","r1","r2","r3","r1_f","r2_f","r3_f","gv","wechsel_at_all","ersetzt","ersatz","konform","c_nach_gversatz","crit","whichgv","gv_mod","real_c","drop","gv_viol"
"45",6795,"1 BvR 851/87",1998-07-08,1,0,"http://www.bverfg.de/e/rk19980708_1bvr085187.html",1998,1,"Papier","Grimm","Haas","Papier","Grimm","Hömig","Haas Seibert Steiner Jaeger Kühling",1,"Hömig","Haas","Papier Grimm Haas",1,0,"1","Haas Steiner Jaeger Kühling",1,FALSE,0
"64",6750,"1 BvR 1435/98",1998-08-25,1,0,"http://www.bverfg.de/e/rk19980825_1bvr143598.html",1998,1,"Papier","Grimm","Steiner","Papier","Grimm","Hömig","Haas Seibert Steiner Jaeger Kühling",1,"Hömig","Steiner","Papier Grimm Haas",1,0,"2","Haas Steiner Jaeger Kühling",1,FALSE,1
"212",6203,"1 BvQ 5/00",2000-03-12,1,1,"http://www.bverfg.de/e/qk20000312_1bvq000500.html",2000,1,"Papier","Steiner","Hohmann-Dennhardt","Papier","Steiner","Hoffmann-Riem","Hohmann-Dennhardt Haas Hömig Jaeger Kühling",1,"Hoffmann-Riem","Hohmann-Dennhardt","Papier Steiner Hohmann-Dennhardt",1,0,"1","Hohmann-Dennhardt Haas Hömig Jaeger Kühling",1,FALSE,0
"233",6136,"1 BvQ 11/00",2000-04-30,1,1,"http://www.bverfg.de/e/qk20000430_1bvq001100.html",2000,1,"Papier","Kühling","Steiner","Papier","Steiner","Hoffmann-Riem","Hohmann-Dennhardt Haas Hömig Jaeger Kühling",1,"Hoffmann-Riem","Kühling","Papier Steiner Hohmann-Dennhardt",1,0,"5","Hohmann-Dennhardt Haas Hömig Jaeger Kühling",1,FALSE,1
"236",6128,"1 BvQ 14/00",2000-05-20,1,1,"http://www.bverfg.de/e/qk20000520_1bvq001400.html",2000,1,"Kühling","Hömig","Hoffmann-Riem","Papier","Steiner","Hoffmann-Riem","Hohmann-Dennhardt Haas Hömig Jaeger Kühling",1,"Papier Steiner","Kühling Hömig","Hoffmann-Riem Hohmann-Dennhardt Haas",2,0,"3 4","Hohmann-Dennhardt Haas Hömig Kühling",2,FALSE,1
"247",6058,"1 BvQ 22/00",2000-08-11,1,1,"http://www.bverfg.de/e/qk20000811_1bvq002200.html",2000,1,"Papier","Hömig","Hohmann-Dennhardt","Papier","Steiner","Hoffmann-Riem","Hohmann-Dennhardt Haas Hömig Jaeger Kühling",1,"Steiner Hoffmann-Riem","Hömig Hohmann-Dennhardt","Papier Hohmann-Dennhardt Haas",1,0,"1 3","Hohmann-Dennhardt Haas Hömig Jaeger Kühling",1,FALSE,1
"265",6008,"1 BvR 1498/00",2000-09-25,1,0,"http://www.bverfg.de/e/rk20000925_1bvr149800.html",2000,1,"Steiner","Hohmann-Dennhardt","Hoffmann-Riem","Papier","Steiner","Hoffmann-Riem","Hohmann-Dennhardt Haas Hömig Jaeger Kühling",1,"Papier","Hohmann-Dennhardt","Steiner Hoffmann-Riem Hohmann-Dennhardt",2,0,"1","Hohmann-Dennhardt Haas Hömig Jaeger Kühling",2,FALSE,0
"290",5864,"1 BvR 2216/96",2001-01-18,1,0,"http://www.bverfg.de/e/rk20010118_1bvr221696.html",2001,1,"Steiner","Hohmann-Dennhardt","Hoffmann-Riem","Papier","Steiner","Hoffmann-Riem","Hohmann-Dennhardt Haas Hömig Jaeger Kühling",1,"Papier","Hohmann-Dennhardt","Steiner Hoffmann-Riem Hohmann-Dennhardt",2,0,"1","Hohmann-Dennhardt Haas Hömig Jaeger Kühling",2,FALSE,0
"316",5737,"1 BvQ 20/01",2001-04-12,1,1,"http://www.bverfg.de/e/qk20010412_1bvq002001.html",2001,1,"Papier","Hohmann-Dennhardt","Hoffmann-Riem","Papier","Steiner","Hoffmann-Riem","Hohmann-Dennhardt Haas Bryde Hömig Jaeger",1,"Steiner","Hohmann-Dennhardt","Papier Hoffmann-Riem Hohmann-Dennhardt",2,0,"1","Hohmann-Dennhardt Haas Bryde Hömig Jaeger",2,FALSE,0
"324",5714,"1 BvR 481/01",2001-05-10,1,0,"http://www.bverfg.de/e/rk20010510_1bvr048101.html",2001,1,"Papier","Steiner","Hohmann-Dennhardt","Papier","Steiner","Hoffmann-Riem","Hohmann-Dennhardt Haas Bryde Hömig Jaeger",1,"Hoffmann-Riem","Hohmann-Dennhardt","Papier Steiner Hohmann-Dennhardt",1,0,"1","Hohmann-Dennhardt Haas Bryde Hömig Jaeger",1,FALSE,0
"325",5679,"1 BvR 1002/01",2001-06-18,1,0,"http://www.bverfg.de/e/rk20010618_1bvr100201.html",2001,1,"Papier","Hömig","Hohmann-Dennhardt","Papier","Steiner","Hoffmann-Riem","Hohmann-Dennhardt Haas Bryde Hömig Jaeger",1,"Steiner","Hömig","Papier Hohmann-Dennhardt Haas",1,0,"3","Haas Bryde Hömig Jaeger",1,FALSE,1
"336",5618,"1 BvQ 34/01",2001-08-10,1,1,"http://www.bverfg.de/e/qk20010810_1bvq003401.html",2001,1,"Papier","Hohmann-Dennhardt","Hoffmann-Riem","Papier","Steiner","Hoffmann-Riem","Hohmann-Dennhardt Haas Bryde Hömig Jaeger",1,"Steiner","Hohmann-Dennhardt","Papier Hoffmann-Riem Hohmann-Dennhardt",2,0,"1","Hohmann-Dennhardt Haas Bryde Hömig Jaeger",2,FALSE,0
"341",5591,"1 BvQ 35/01",2001-08-24,1,1,"http://www.bverfg.de/e/qk20010824_1bvq003501.html",2001,1,"Steiner","Hohmann-Dennhardt","Hoffmann-Riem","Papier","Steiner","Hoffmann-Riem","Hohmann-Dennhardt Haas Bryde Hömig Jaeger",1,"Papier","Hohmann-Dennhardt","Steiner Hoffmann-Riem Hohmann-Dennhardt",2,0,"1","Hohmann-Dennhardt Haas Bryde Hömig Jaeger",2,FALSE,0
"343",5586,"1 BvR 481/01",2001-09-05,1,0,"http://www.bverfg.de/e/rk20010905_1bvr048101.html",2001,1,"Papier","Steiner","Hohmann-Dennhardt","Papier","Steiner","Hoffmann-Riem","Hohmann-Dennhardt Haas Bryde Hömig Jaeger",1,"Hoffmann-Riem","Hohmann-Dennhardt","Papier Steiner Hohmann-Dennhardt",1,0,"1","Hohmann-Dennhardt Haas Bryde Hömig Jaeger",1,FALSE,0
"353",5528,"1 BvQ 39/01",2001-10-19,1,1,"http://www.bverfg.de/e/qk20011019_1bvq003901.html",2001,1,"Papier","Hohmann-Dennhardt","Hoffmann-Riem","Papier","Steiner","Hoffmann-Riem","Hohmann-Dennhardt Haas Bryde Hömig Jaeger",1,"Steiner","Hohmann-Dennhardt","Papier Hoffmann-Riem Hohmann-Dennhardt",2,0,"1","Hohmann-Dennhardt Haas Bryde Hömig Jaeger",2,FALSE,0
"364",5430,"1 BvQ 1/02",2002-01-04,1,1,"http://www.bverfg.de/e/qk20020104_1bvq000102.html",2002,1,"Papier","Hohmann-Dennhardt","Hoffmann-Riem","Papier","Steiner","Hoffmann-Riem","Hohmann-Dennhardt Haas Bryde Hömig Jaeger",1,"Steiner","Hohmann-Dennhardt","Papier Hoffmann-Riem Hohmann-Dennhardt",2,0,"1","Hohmann-Dennhardt Haas Bryde Hömig Jaeger",2,FALSE,0
"370",5353,"1 BvR 300/02",2002-02-22,1,0,"http://www.bverfg.de/e/rk20020222_1bvr030002.html",2002,1,"Steiner","Hohmann-Dennhardt","Hoffmann-Riem","Papier","Steiner","Hoffmann-Riem","Hohmann-Dennhardt Haas Bryde Hömig Jaeger",1,"Papier","Hohmann-Dennhardt","Steiner Hoffmann-Riem Hohmann-Dennhardt",2,0,"1","Hohmann-Dennhardt Haas Bryde Hömig Jaeger",2,FALSE,0
"371",5345,"1 BvQ 5/02",2002-03-01,1,1,"http://www.bverfg.de/e/qk20020301_1bvq000502.html",2002,1,"Papier","Hohmann-Dennhardt","Hoffmann-Riem","Papier","Steiner","Hoffmann-Riem","Hohmann-Dennhardt Haas Bryde Hömig Jaeger",1,"Steiner","Hohmann-Dennhardt","Papier Hoffmann-Riem Hohmann-Dennhardt",2,0,"1","Hohmann-Dennhardt Haas Bryde Hömig Jaeger",2,FALSE,0
"374",5310,"1 BvQ 9/02",2002-03-29,1,1,"http://www.bverfg.de/e/qk20020329_1bvq000902.html",2002,1,"Steiner","Hohmann-Dennhardt","Hoffmann-Riem","Papier","Steiner","Hoffmann-Riem","Hohmann-Dennhardt Haas Bryde Hömig Jaeger",1,"Papier","Hohmann-Dennhardt","Steiner Hoffmann-Riem Hohmann-Dennhardt",2,0,"1","Hohmann-Dennhardt Haas Bryde Hömig Jaeger",2,FALSE,0
"379",5297,"1 BvR 680/02",2002-04-15,1,0,"http://www.bverfg.de/e/rk20020415_1bvr068002.html",2002,1,"Steiner","Hohmann-Dennhardt","Hoffmann-Riem","Papier","Steiner","Hoffmann-Riem","Hohmann-Dennhardt Haas Bryde Hömig Jaeger",1,"Papier","Hohmann-Dennhardt","Steiner Hoffmann-Riem Hohmann-Dennhardt",2,0,"1","Hohmann-Dennhardt Haas Bryde Hömig Jaeger",2,FALSE,0
"431",4997,"1 BvQ 2/03",2003-01-28,1,1,"http://www.bverfg.de/e/qk20030128_1bvq000203.html",2003,1,"Papier","Hohmann-Dennhardt","Hoffmann-Riem","Papier","Haas","Hoffmann-Riem","Hohmann-Dennhardt Steiner Bryde Hömig Jaeger",1,"Haas","Hohmann-Dennhardt","Papier Hoffmann-Riem Hohmann-Dennhardt",2,0,"1","Hohmann-Dennhardt Steiner Bryde Hömig Jaeger",2,FALSE,0
"448",4827,"1 BvQ 30/03",2003-08-14,1,1,"http://www.bverfg.de/e/qk20030814b_1bvq003003.html",2003,1,"Jaeger","Hömig","Hoffmann-Riem","Papier","Haas","Hoffmann-Riem","Hohmann-Dennhardt Steiner Bryde Hömig Jaeger",1,"Papier Haas","Jaeger Hömig","Hoffmann-Riem Hohmann-Dennhardt Steiner",2,0,"4 5","Hohmann-Dennhardt Steiner Bryde Hömig Jaeger",2,FALSE,1
"449",4828,"1 BvQ 30/03",2003-08-14,1,1,"http://www.bverfg.de/e/qk20030814_1bvq003003.html",2003,1,"Papier","Hohmann-Dennhardt","Hoffmann-Riem","Papier","Haas","Hoffmann-Riem","Hohmann-Dennhardt Steiner Bryde Hömig Jaeger",1,"Haas","Hohmann-Dennhardt","Papier Hoffmann-Riem Hohmann-Dennhardt",2,0,"1","Hohmann-Dennhardt Steiner Bryde Hömig Jaeger",2,FALSE,0
"451",4819,"1 BvQ 32/03",2003-09-05,1,1,"http://www.bverfg.de/e/qk20030905_1bvq003203.html",2003,1,"Papier","Steiner","Hoffmann-Riem","Papier","Haas","Hoffmann-Riem","Hohmann-Dennhardt Steiner Bryde Hömig Jaeger",1,"Haas","Steiner","Papier Hoffmann-Riem Hohmann-Dennhardt",2,0,"2","Hohmann-Dennhardt Steiner Bryde Hömig Jaeger",1,FALSE,1
"485",4469,"1 BvQ 36/04",2004-08-31,1,1,"http://www.bverfg.de/e/qk20040831_1bvq003604.html",2004,1,"Papier","Steiner","Hoffmann-Riem","Papier","Haas","Hoffmann-Riem","Hohmann-Dennhardt Steiner Bryde Hömig Jaeger",1,"Haas","Steiner","Papier Hoffmann-Riem Hohmann-Dennhardt",2,0,"2","Hohmann-Dennhardt Steiner Bryde Jaeger",1,FALSE,1
"500",4356,"1 BvR 294/05",2005-02-22,1,0,"http://www.bverfg.de/e/rk20050222_1bvr029405.html",2005,1,"Papier","Hohmann-Dennhardt","Gaier","Papier","Hohmann-Dennhardt","Hoffmann-Riem","Gaier Steiner Bryde Hömig Haas",1,"Hoffmann-Riem","Gaier","Papier Hohmann-Dennhardt Gaier",2,0,"1","Gaier Steiner Bryde Hömig Haas",2,FALSE,0
"508",4315,"1 BvR 808/05",2005-04-16,1,0,"http://www.bverfg.de/e/rk20050416_1bvr080805.html",2005,1,"Hohmann-Dennhardt","Hoffmann-Riem","Gaier","Papier","Hohmann-Dennhardt","Hoffmann-Riem","Gaier Steiner Bryde Hömig Haas",1,"Papier","Gaier","Hohmann-Dennhardt Hoffmann-Riem Gaier",3,1,"1","Gaier Steiner Bryde Hömig Haas",3,FALSE,0
"512",4298,"1 BvR 961/05",2005-05-06,1,0,"http://www.bverfg.de/e/rk20050506_1bvr096105.html",2005,1,"Papier","Steiner","Hoffmann-Riem","Papier","Hohmann-Dennhardt","Hoffmann-Riem","Gaier Steiner Bryde Hömig Haas",1,"Hohmann-Dennhardt","Steiner","Papier Hoffmann-Riem Gaier",2,0,"2","Gaier Steiner Bryde Hömig Haas",1,FALSE,1
"527",4213,"1 BvQ 25/05",2005-08-16,1,1,"http://www.bverfg.de/e/qk20050816_1bvq002505.html",2005,1,"Papier","Hoffmann-Riem","Gaier","Papier","Hohmann-Dennhardt","Hoffmann-Riem","Gaier Steiner Bryde Hömig Haas",1,"Hohmann-Dennhardt","Gaier","Papier Hoffmann-Riem Gaier",2,0,"1","Gaier Steiner Bryde Hömig Haas",2,FALSE,0
"538",4099,"1 BvQ 3/06",2006-01-26,1,1,"http://www.bverfg.de/e/qk20060126_1bvq000306.html",2006,1,"Papier","Hoffmann-Riem","Gaier","Papier","Hohmann-Dennhardt","Hoffmann-Riem","Gaier Steiner Bryde Hömig Haas",1,"Hohmann-Dennhardt","Gaier","Papier Hoffmann-Riem Gaier",2,0,"1","Gaier Steiner Bryde Hömig Haas",2,FALSE,0
"539",4098,"1 BvQ 4/06",2006-01-27,1,1,"http://www.bverfg.de/e/qk20060127_1bvq000406.html",2006,1,"Steiner","Hoffmann-Riem","Gaier","Papier","Hohmann-Dennhardt","Hoffmann-Riem","Gaier Steiner Bryde Hömig Haas",1,"Papier","Steiner","Hoffmann-Riem Gaier Steiner",2,0,"1","Steiner Bryde Hömig Haas",2,FALSE,0
"567",3978,"1 BvR 1429/06",2006-06-09,1,0,"http://www.bverfg.de/e/rk20060609_1bvr142906.html",2006,1,"Papier","Hoffmann-Riem","Gaier","Papier","Hohmann-Dennhardt","Hoffmann-Riem","Gaier Steiner Eichberger Bryde Haas",1,"Hohmann-Dennhardt","Gaier","Papier Hoffmann-Riem Gaier",2,0,"1","Gaier Steiner Eichberger Bryde Haas",2,FALSE,0
"592",3839,"1 BvQ 35/06",2006-11-24,1,1,"http://www.bverfg.de/e/qk20061124_1bvq003506.html",2006,1,"Papier","Hoffmann-Riem","Gaier","Papier","Hohmann-Dennhardt","Hoffmann-Riem","Gaier Steiner Schluckebier Eichberger Bryde",1,"Hohmann-Dennhardt","Gaier","Papier Hoffmann-Riem Gaier",2,0,"1","Gaier Steiner Schluckebier Eichberger Bryde",2,FALSE,0
"609",3742,"1 BvR 2228/02",2007-03-26,1,0,"http://www.bverfg.de/e/rk20070326_1bvr222802.html",2007,1,"Hohmann-Dennhardt","Hoffmann-Riem","Gaier","Papier","Hohmann-Dennhardt","Hoffmann-Riem","Gaier Steiner Schluckebier Eichberger Bryde",1,"Papier","Gaier","Hohmann-Dennhardt Hoffmann-Riem Gaier",3,1,"1","Gaier Steiner Schluckebier Eichberger Bryde",3,FALSE,0
"616",3698,"1 BvQ 16/07",2007-05-27,1,1,"http://www.bverfg.de/e/qk20070527_1bvq001607.html",2007,1,"Papier","Hoffmann-Riem","Gaier","Papier","Hohmann-Dennhardt","Hoffmann-Riem","Gaier Steiner Schluckebier Eichberger Bryde",1,"Hohmann-Dennhardt","Gaier","Papier Hoffmann-Riem Gaier",2,0,"1","Gaier Steiner Schluckebier Bryde",2,FALSE,0
"634",3624,"1 BvR 1223/07",2007-08-29,1,0,"http://www.bverfg.de/e/rk20070829_1bvr122307.html",2007,1,"Papier","Hoffmann-Riem","Gaier","Papier","Hohmann-Dennhardt","Hoffmann-Riem","Gaier Steiner Schluckebier Eichberger Bryde",1,"Hohmann-Dennhardt","Gaier","Papier Hoffmann-Riem Gaier",2,0,"1","Gaier Steiner Schluckebier Eichberger Bryde",2,FALSE,0
"638",3578,"1 BvR 3041/07",2007-12-01,1,0,"http://www.bverfg.de/e/rk20071201_1bvr304107.html",2007,1,"Papier","Hoffmann-Riem","Kirchhof","Papier","Hohmann-Dennhardt","Hoffmann-Riem","Kirchhof Gaier Schluckebier Eichberger Bryde",1,"Hohmann-Dennhardt","Kirchhof","Papier Hoffmann-Riem Kirchhof",1,0,"1","Kirchhof Gaier Schluckebier Eichberger Bryde",1,FALSE,0
"655",3440,"1 BvR 572/08",2008-03-13,1,0,"http://www.bverfg.de/e/rk20080313_1bvr057208.html",2008,1,"Hoffmann-Riem","Eichberger","Schluckebier","Papier","Hoffmann-Riem","Eichberger","Schluckebier Bryde Kirchhof Gaier Hohmann-Dennhardt",1,"Papier","Schluckebier","Hoffmann-Riem Eichberger Schluckebier",1,0,"1","Schluckebier Bryde Kirchhof Gaier Hohmann-Dennhardt",1,FALSE,0
"657",3434,"1 BvR 1753/03",2008-03-25,1,0,"http://www.bverfg.de/e/rk20080325_1bvr175303.html",2008,1,"Hoffmann-Riem","Eichberger","Schluckebier","Papier","Hoffmann-Riem","Eichberger","Schluckebier Bryde Kirchhof Gaier Hohmann-Dennhardt",1,"Papier","Schluckebier","Hoffmann-Riem Eichberger Schluckebier",1,0,"1","Schluckebier Bryde Kirchhof Gaier Hohmann-Dennhardt",1,FALSE,0
"699",3039,"1 BvQ 26/09",2009-06-17,1,1,"http://www.bverfg.de/e/qk20090617_1bvq002609.html",2009,1,"Eichberger","Schluckebier","Masing","Papier","Eichberger","Masing","Schluckebier Bryde Kirchhof Gaier Hohmann-Dennhardt",1,"Papier","Schluckebier","Eichberger Masing Schluckebier",1,0,"1","Schluckebier Bryde Kirchhof Gaier Hohmann-Dennhardt",1,FALSE,0
"713",2939,"1 BvQ 39/09",2009-09-11,1,1,"http://www.bverfg.de/e/qk20090911_1bvq003909.html",2009,1,"Eichberger","Schluckebier","Masing","Papier","Eichberger","Masing","Schluckebier Bryde Kirchhof Gaier Hohmann-Dennhardt",1,"Papier","Schluckebier","Eichberger Masing Schluckebier",1,0,"1","Schluckebier Bryde Kirchhof Gaier Hohmann-Dennhardt",1,FALSE,0
"742",2628,"1 BvR 2298/10",2010-09-04,1,0,"http://www.bverfg.de/e/rk20100904_1bvr229810.html",2010,1,"Kirchhof","Schluckebier","Masing","Kirchhof","Eichberger","Masing","Schluckebier Bryde Paulus Gaier Hohmann-Dennhardt",1,"Eichberger","Schluckebier","Kirchhof Masing Schluckebier",1,0,"1","Schluckebier Bryde Paulus Gaier Hohmann-Dennhardt",1,FALSE,0
"743",2625,"1 BvR 2297/10",2010-09-06,1,0,"http://www.bverfg.de/e/rk20100906_1bvr229710.html",2010,1,"Eichberger","Schluckebier","Masing","Kirchhof","Eichberger","Masing","Schluckebier Bryde Paulus Gaier Hohmann-Dennhardt",1,"Kirchhof","Schluckebier","Eichberger Masing Schluckebier",1,0,"1","Schluckebier Bryde Paulus Gaier Hohmann-Dennhardt",1,FALSE,0
"783",2414,"1 BvR 1137/11",2011-05-05,1,0,"http://www.bverfg.de/e/rk20110505_1bvr113711.html",2011,1,"Eichberger","Masing","Baer","Kirchhof","Eichberger","Masing","Baer Schluckebier Britz Paulus Gaier",1,"Kirchhof","Baer","Eichberger Masing Baer",2,0,"1","Baer Schluckebier Britz Paulus Gaier",2,FALSE,0
"820",2139,"1 BvR 711/12",2012-03-30,1,0,"http://www.bverfg.de/e/rk20120330_1bvr071112.html",2012,1,"Eichberger","Schluckebier","Masing","Kirchhof","Eichberger","Masing","Baer Schluckebier Britz Paulus Gaier",1,"Kirchhof","Schluckebier","Eichberger Masing Baer",2,0,"2","Baer Schluckebier Britz Paulus Gaier",1,FALSE,1
"821",2135,"1 BvQ 12/12",2012-04-06,1,1,"http://www.bverfg.de/e/qk20120406_1bvq001212.html",2012,1,"Schluckebier","Masing","Paulus","Kirchhof","Eichberger","Masing","Baer Schluckebier Britz Paulus Gaier",1,"Eichberger","Paulus","Schluckebier Masing Baer",2,0,"3","Baer Britz Paulus Gaier",1,FALSE,1
"826",2125,"1 BvR 523/11",2012-04-16,1,0,"http://www.bverfg.de/e/rk20120416_1bvr052311.html",2012,1,"Eichberger","Masing","Baer","Kirchhof","Eichberger","Masing","Baer Schluckebier Britz Paulus Gaier",1,"Kirchhof","Baer","Eichberger Masing Baer",2,0,"1","Baer Schluckebier Britz Paulus Gaier",2,FALSE,0
"834",2031,"1 BvR 1840/12",2012-08-31,1,0,"http://www.bverfg.de/e/rk20120831_1bvr184012.html",2012,1,"Kirchhof","Schluckebier","Masing","Kirchhof","Eichberger","Masing","Baer Schluckebier Britz Paulus Gaier",1,"Eichberger","Schluckebier","Kirchhof Masing Baer",2,0,"2","Baer Schluckebier Britz Gaier",1,FALSE,1
"888",1586,"1 BvR 2271/14",2014-08-18,1,0,"http://www.bverfg.de/e/rk20140818_1bvr227114.html",2014,1,"Kirchhof","Eichberger","Baer","Kirchhof","Eichberger","Britz","Baer Masing Paulus Schluckebier Gaier",1,"Britz","Baer","Kirchhof Eichberger Baer",1,0,"1","Baer Masing Paulus Schluckebier Gaier",1,FALSE,0
"947",1141,"1 BvQ 8/16",2016-02-24,1,1,"http://www.bverfg.de/e/qk20160224_1bvq000816.html",2016,1,"Eichberger","Masing","Britz","Kirchhof","Eichberger","Britz","Baer Masing Paulus Schluckebier Gaier",1,"Kirchhof","Masing","Eichberger Britz Baer",2,0,"2","Baer Masing Paulus Schluckebier Gaier",2,FALSE,1
"962",959,"1 BvQ 27/16",2016-07-18,1,1,"http://www.bverfg.de/e/qk20160718_1bvq002716.html",2016,1,"Eichberger","Schluckebier","Britz","Kirchhof","Eichberger","Britz","Baer Masing Paulus Schluckebier Gaier",1,"Kirchhof","Schluckebier","Eichberger Britz Baer",2,0,"4","Baer Masing Paulus Schluckebier Gaier",1,FALSE,1
"970",897,"1 BvR 1630/16",2016-09-12,1,0,"http://www.bverfg.de/e/rk20160912_1bvr163016.html",2016,1,"Eichberger","Baer","Britz","Kirchhof","Eichberger","Britz","Baer Masing Paulus Schluckebier Gaier",1,"Kirchhof","Baer","Eichberger Britz Baer",2,0,"1","Baer Masing Paulus Schluckebier Gaier",2,FALSE,0
"984",846,"1 BvR 1517/16",2016-11-07,1,0,"http://www.bverfg.de/e/rk20161107_1bvr151716.html",2016,1,"Kirchhof","Eichberger","Britz","Kirchhof","Schluckebier","Ott","Britz Baer Eichberger Paulus Masing",1,"Schluckebier Ott","Eichberger Britz","Kirchhof Britz Baer",2,0,"1 3","Britz Baer Eichberger Masing",1,FALSE,1
"1128",6771,"1 BvR 327/97",1998-08-04,1,0,"http://www.bverfg.de/e/rk19980804_1bvr032797.html",1998,2,"Kühling","Jaeger","Hömig","Kühling","Jaeger","Steiner","Hömig Grimm Papier Haas Seibert",1,"Steiner","Hömig","Kühling Jaeger Hömig",2,0,"1","Hömig Grimm Papier Haas",2,FALSE,0
"1208",6292,"1 BvR 420/97",2000-01-10,1,0,"http://www.bverfg.de/e/rk20000110_1bvr042097.html",2000,2,"Kühling","Jaeger","Steiner","Kühling","Jaeger","Hömig","Hoffmann-Riem Steiner Papier Hohmann-Dennhardt Haas",1,"Hömig","Steiner","Kühling Jaeger Hoffmann-Riem",3,1,"2","Hoffmann-Riem Steiner Papier Hohmann-Dennhardt Haas",2,FALSE,1
"1243",6129,"1 BvQ 8/00",2000-05-15,1,1,"http://www.bverfg.de/e/qk20000515_1bvq000800.html",2000,2,"Kühling","Hömig","Steiner","Kühling","Jaeger","Hömig","Hoffmann-Riem Steiner Papier Hohmann-Dennhardt Haas",1,"Jaeger","Steiner","Kühling Hömig Hoffmann-Riem",2,0,"2","Hoffmann-Riem Steiner Papier Hohmann-Dennhardt Haas",1,FALSE,1
"1319",5801,"1 BvQ 12/01",2001-03-02,1,1,"http://www.bverfg.de/e/qk20010302_1bvq001201.html",2001,2,"Papier","Hömig","Bryde","Jaeger","Hömig","Bryde","Hoffmann-Riem Steiner Papier Hohmann-Dennhardt Haas",1,"Jaeger","Papier","Hömig Bryde Hoffmann-Riem",2,0,"3","Hoffmann-Riem Steiner Papier Hohmann-Dennhardt Haas",1,FALSE,1
"1342",5696,"1 BvR 848/01",2001-05-25,1,0,"http://www.bverfg.de/e/rk20010525_1bvr084801.html",2001,2,"Jaeger","Hömig","Hoffmann-Riem","Jaeger","Hömig","Bryde","Hoffmann-Riem Steiner Papier Hohmann-Dennhardt Haas",1,"Bryde","Hoffmann-Riem","Jaeger Hömig Hoffmann-Riem",2,0,"1","Hoffmann-Riem Steiner Papier Hohmann-Dennhardt Haas",2,FALSE,0
"1359",5630,"1 BvQ 32/01",2001-07-31,1,1,"http://www.bverfg.de/e/qk20010731_1bvq003201.html",2001,2,"Haas","Hömig","Hohmann-Dennhardt","Jaeger","Hömig","Bryde","Hoffmann-Riem Steiner Papier Hohmann-Dennhardt Haas",1,"Jaeger Bryde","Haas Hohmann-Dennhardt","Hömig Hoffmann-Riem Steiner",1,0,"4 5","Hoffmann-Riem Steiner Papier Hohmann-Dennhardt Haas",1,FALSE,1
"1424",5199,"1 BvQ 25/02",2002-07-28,1,1,"http://www.bverfg.de/e/qk20020728_1bvq002502.html",2002,2,"Jaeger","Hömig","Steiner","Jaeger","Hömig","Bryde","Hoffmann-Riem Steiner Papier Hohmann-Dennhardt Haas",1,"Bryde","Steiner","Jaeger Hömig Hoffmann-Riem",2,0,"2","Hoffmann-Riem Steiner Papier Hohmann-Dennhardt Haas",1,FALSE,1
"1425",5186,"1 BvQ 27/02",2002-08-08,1,1,"http://www.bverfg.de/e/qk20020808_1bvq002702.html",2002,2,"Jaeger","Hömig","Hoffmann-Riem","Jaeger","Hömig","Bryde","Hoffmann-Riem Steiner Papier Hohmann-Dennhardt Haas",1,"Bryde","Hoffmann-Riem","Jaeger Hömig Hoffmann-Riem",2,0,"1","Hoffmann-Riem Steiner Papier Hohmann-Dennhardt Haas",2,FALSE,0
"1440",5141,"1 BvR 1744/02",2002-09-30,1,0,"http://www.bverfg.de/e/rk20020930_1bvr174402.html",2002,2,"Hömig","Hoffmann-Riem","Bryde","Jaeger","Hömig","Bryde","Hoffmann-Riem Steiner Papier Hohmann-Dennhardt Haas",1,"Jaeger","Hoffmann-Riem","Hömig Bryde Hoffmann-Riem",2,0,"1","Hoffmann-Riem Steiner Papier Hohmann-Dennhardt Haas",2,FALSE,0
"1461",4915,"1 BvR 710/03",2003-04-15,1,0,"http://www.bverfg.de/e/rk20030415_1bvr071003.html",2003,2,"Jaeger","Hömig","Hoffmann-Riem","Jaeger","Hömig","Bryde","Hoffmann-Riem Haas Papier Hohmann-Dennhardt Steiner",1,"Bryde","Hoffmann-Riem","Jaeger Hömig Hoffmann-Riem",2,0,"1","Hoffmann-Riem Haas Papier Hohmann-Dennhardt Steiner",2,FALSE,0
"1544",4474,"1 BvR 1858/04",2004-08-18,1,0,"http://www.bverfg.de/e/rk20040818_1bvr185804.html",2004,2,"Hömig","Hoffmann-Riem","Bryde","Jaeger","Hömig","Bryde","Hoffmann-Riem Haas Papier Hohmann-Dennhardt Steiner",1,"Jaeger","Hoffmann-Riem","Hömig Bryde Hoffmann-Riem",2,0,"1","Hoffmann-Riem Haas Papier Hohmann-Dennhardt Steiner",2,FALSE,0
"1546",4472,"1 BvR 1506/04",2004-08-27,1,0,"http://www.bverfg.de/e/rk20040827_1bvr150604.html",2004,2,"Jaeger","Haas","Bryde","Jaeger","Hömig","Bryde","Hoffmann-Riem Haas Papier Hohmann-Dennhardt Steiner",1,"Hömig","Haas","Jaeger Bryde Hoffmann-Riem",3,1,"2","Hoffmann-Riem Haas Papier Hohmann-Dennhardt Steiner",2,FALSE,1
"1627",3707,"1 BvR 971/07",2007-05-14,1,0,"http://www.bverfg.de/e/rk20070514_1bvr097107.html",2007,2,"Hoffmann-Riem","Bryde","Schluckebier","Bryde","Eichberger","Schluckebier","Hoffmann-Riem Hohmann-Dennhardt Papier Gaier Steiner",1,"Eichberger","Hoffmann-Riem","Bryde Schluckebier Hoffmann-Riem",2,0,"1","Hoffmann-Riem Hohmann-Dennhardt Papier Gaier Steiner",2,FALSE,0
"1649",3516,"1 BvR 1956/06",2008-02-06,1,0,"http://www.bverfg.de/e/rk20080206_1bvr195606.html",2008,2,"Gaier","Eichberger","Kirchhof","Hohmann-Dennhardt","Gaier","Kirchhof","Eichberger Hoffmann-Riem Papier Schluckebier Bryde",1,"Hohmann-Dennhardt","Eichberger","Gaier Kirchhof Eichberger",1,0,"1","Eichberger Hoffmann-Riem Papier Schluckebier Bryde",1,FALSE,0
"1657",3455,"1 BvQ 12/08",2008-03-04,1,1,"http://www.bverfg.de/e/qk20080304_1bvq001208.html",2008,2,"Hohmann-Dennhardt","Eichberger","Kirchhof","Hohmann-Dennhardt","Gaier","Kirchhof","Eichberger Hoffmann-Riem Papier Schluckebier Bryde",1,"Gaier","Eichberger","Hohmann-Dennhardt Kirchhof Eichberger",1,0,"1","Eichberger Hoffmann-Riem Papier Schluckebier Bryde",1,FALSE,0
"1711",3103,"1 BvR 467/09",2009-04-14,1,0,"http://www.bverfg.de/e/rk20090414_1bvr046709.html",2009,2,"Hohmann-Dennhardt","Gaier","Schluckebier","Hohmann-Dennhardt","Gaier","Kirchhof","Masing Eichberger Papier Schluckebier Bryde",1,"Kirchhof","Schluckebier","Hohmann-Dennhardt Gaier Masing",3,1,"4","Masing Eichberger Papier Schluckebier Bryde",2,FALSE,1
"1746",2974,"1 BvQ 35/09",2009-08-07,1,1,"http://www.bverfg.de/e/qk20090807_1bvq003509.html",2009,2,"Hohmann-Dennhardt","Bryde","Kirchhof","Hohmann-Dennhardt","Gaier","Kirchhof","Masing Eichberger Papier Schluckebier Bryde",1,"Gaier","Bryde","Hohmann-Dennhardt Kirchhof Masing",2,0,"5","Masing Eichberger Papier Schluckebier Bryde",2,FALSE,1
"1802",2775,"1 BvR 2288/09",2010-03-15,1,0,"http://www.bverfg.de/e/rk20100315_1bvr228809.html",2010,2,"Hohmann-Dennhardt","Gaier","Kirchhof","Hohmann-Dennhardt","Gaier","Paulus","Masing Eichberger Kirchhof Schluckebier Bryde",1,"Paulus","Kirchhof","Hohmann-Dennhardt Gaier Masing",3,1,"3","Masing Eichberger Kirchhof Schluckebier Bryde",2,FALSE,1
"1811",2718,"1 BvR 2959/07",2010-05-25,1,0,"http://www.bverfg.de/e/rk20100525_1bvr295907.html",2010,2,"Hohmann-Dennhardt","Gaier","Kirchhof","Hohmann-Dennhardt","Gaier","Paulus","Masing Eichberger Kirchhof Schluckebier Bryde",1,"Paulus","Kirchhof","Hohmann-Dennhardt Gaier Masing",3,1,"3","Masing Eichberger Kirchhof Schluckebier Bryde",2,FALSE,1
"1822",2660,"1 BvR 1746/10",2010-08-02,1,0,"http://www.bverfg.de/e/rk20100802_1bvr174610.html",2010,2,"Gaier","Eichberger","Schluckebier","Hohmann-Dennhardt","Gaier","Paulus","Masing Eichberger Kirchhof Schluckebier Bryde",1,"Hohmann-Dennhardt Paulus","Eichberger Schluckebier","Gaier Masing Eichberger",2,0,"2 3","Masing Eichberger Schluckebier Bryde",1,FALSE,1
"1836",2603,"1 BvR 2157/10",2010-09-17,1,0,"http://www.bverfg.de/e/rk20100917_1bvr215710.html",2010,2,"Hohmann-Dennhardt","Gaier","Eichberger","Hohmann-Dennhardt","Gaier","Paulus","Masing Eichberger Kirchhof Schluckebier Bryde",1,"Paulus","Eichberger","Hohmann-Dennhardt Gaier Masing",3,1,"2","Masing Eichberger Kirchhof Schluckebier Bryde",2,FALSE,1
"1838",2593,"1 BvR 2414/10",2010-09-30,1,0,"http://www.bverfg.de/e/rk20100930_1bvr241410.html",2010,2,"Hohmann-Dennhardt","Gaier","Eichberger","Hohmann-Dennhardt","Gaier","Paulus","Masing Eichberger Kirchhof Schluckebier Bryde",1,"Paulus","Eichberger","Hohmann-Dennhardt Gaier Masing",3,1,"2","Masing Eichberger Kirchhof Schluckebier Bryde",2,FALSE,1
"1840",2590,"1 BvR 2509/10",2010-10-07,1,0,"http://www.bverfg.de/e/rk20101007_1bvr250910.html",2010,2,"Hohmann-Dennhardt","Eichberger","Schluckebier","Hohmann-Dennhardt","Gaier","Paulus","Masing Eichberger Kirchhof Schluckebier Bryde",1,"Gaier Paulus","Eichberger Schluckebier","Hohmann-Dennhardt Masing Eichberger",2,0,"2 4","Masing Eichberger Kirchhof Schluckebier Bryde",1,FALSE,1
"1872",2479,"1 BvR 440/11",2011-02-28,1,0,"http://www.bverfg.de/e/rk20110228_1bvr044011.html",2011,2,"Gaier","Eichberger","Britz","Gaier","Paulus","Britz","Masing Eichberger Kirchhof Baer Schluckebier",1,"Paulus","Eichberger","Gaier Britz Masing",3,1,"2","Masing Eichberger Kirchhof Baer Schluckebier",2,FALSE,1
"1928",2204,"1 BvR 153/12",2012-01-20,1,0,"http://www.bverfg.de/e/rk20120120_1bvr015312.html",2012,2,"Kirchhof","Paulus","Britz","Gaier","Paulus","Britz","Masing Eichberger Kirchhof Baer Schluckebier",1,"Gaier","Kirchhof","Paulus Britz Masing",2,0,"3","Masing Eichberger Kirchhof Baer Schluckebier",1,FALSE,1
"1956",2032,"1 BvR 1766/12",2012-08-29,1,0,"http://www.bverfg.de/e/rk20120829_1bvr176612.html",2012,2,"Gaier","Schluckebier","Britz","Gaier","Paulus","Britz","Masing Eichberger Kirchhof Baer Schluckebier",1,"Paulus","Schluckebier","Gaier Britz Masing",3,1,"5","Masing Eichberger Kirchhof Baer Schluckebier",2,FALSE,1
"1959",2009,"1 BvL 17/12",2012-10-05,1,0,"http://www.bverfg.de/e/lk20121005_1bvl001712.html",2012,2,"Gaier","Eichberger","Britz","Gaier","Paulus","Britz","Masing Eichberger Kirchhof Baer Schluckebier",1,"Paulus","Eichberger","Gaier Britz Masing",3,1,"2","Masing Eichberger Kirchhof Baer Schluckebier",2,FALSE,1
"1995",1779,"1 BvQ 42/13",2013-09-28,1,1,"http://www.bverfg.de/e/qk20130928_1bvq004213.html",2013,2,"Gaier","Eichberger","Paulus","Gaier","Schluckebier","Paulus","Britz Eichberger Kirchhof Baer Masing",1,"Schluckebier","Eichberger","Gaier Paulus Britz",2,0,"2","Britz Eichberger Kirchhof Baer",1,FALSE,1
"2059",1323,"1 BvR 1768/15",2015-08-13,1,0,"http://www.bverfg.de/e/rk20150813_1bvr176815.html",2015,2,"Gaier","Schluckebier","Britz","Gaier","Schluckebier","Paulus","Britz Eichberger Kirchhof Baer Masing",1,"Paulus","Britz","Gaier Schluckebier Britz",2,0,"1","Britz Eichberger Kirchhof Baer Masing",2,FALSE,0
"2068",1292,"1 BvQ 36/15",2015-09-24,1,1,"http://www.bverfg.de/e/qk20150924_1bvq003615.html",2015,2,"Gaier","Schluckebier","Britz","Gaier","Schluckebier","Paulus","Britz Eichberger Kirchhof Baer Masing",1,"Paulus","Britz","Gaier Schluckebier Britz",2,0,"1","Britz Eichberger Kirchhof Baer Masing",2,FALSE,0
"2133",860,"1 BvR 354/11",2016-10-18,1,0,"http://www.bverfg.de/e/rk20161018_1bvr035411.html",2016,2,"Gaier","Schluckebier","Paulus","Eichberger","Baer","Britz","Paulus Masing Kirchhof Ott Schluckebier",1,"Eichberger Baer Britz","Gaier Schluckebier Paulus","Paulus Masing Kirchhof",1,0,"1 5","Paulus Masing Kirchhof Ott Schluckebier",1,FALSE,1
"2154",729,"1 BvR 2311/16",2017-03-01,1,0,"http://www.bverfg.de/e/rk20170301_1bvr231116.html",2017,2,"Masing","Baer","Britz","Eichberger","Baer","Britz","Paulus Masing Kirchhof Ott Schluckebier",1,"Eichberger","Masing","Baer Britz Paulus",2,0,"2","Paulus Masing Kirchhof Ott Schluckebier",3,FALSE,1
"2178",554,"1 BvR 1584/17",2017-08-16,1,0,"http://www.bverfg.de/e/rk20170816_1bvr158417.html",2017,2,"Eichberger","Paulus","Britz","Eichberger","Baer","Britz","Paulus Masing Kirchhof Ott Schluckebier",1,"Baer","Paulus","Eichberger Britz Paulus",1,0,"1","Paulus Masing Kirchhof Ott Schluckebier",1,FALSE,0
"2269",6932,"1 BvR 299/89",1998-02-25,1,0,"http://www.bverfg.de/e/rk19980225_1bvr029989.html",1998,3,"Seidl","Grimm","Hömig","Seidl","Seibert","Haas","Steiner Jaeger Kühling Hömig Grimm",1,"Seibert Haas","Grimm Hömig","Seidl Steiner Jaeger",1,0,"4 5","Steiner Jaeger Kühling Hömig Grimm",1,FALSE,1
"2270",6919,"1 BvR 1041/92",1998-03-09,1,0,"http://www.bverfg.de/e/rk19980309_1bvr104192.html",1998,3,"Papier","Haas","Steiner","Papier","Seibert","Haas","Steiner Jaeger Kühling Hömig Grimm",1,"Seibert","Steiner","Papier Haas Steiner",0,1,"1","Steiner Jaeger Kühling Hömig Grimm",0,FALSE,0
"2278",6865,"1 BvR 672/98",1998-04-14,1,0,"http://www.bverfg.de/e/rk19980414_1bvr067298.html",1998,3,"Kühling","Jaeger","Steiner","Papier","Seibert","Haas","Steiner Jaeger Kühling Hömig Grimm",1,"Papier Haas","Kühling Jaeger","Steiner Jaeger Kühling",2,0,"1 2","Jaeger Kühling Hömig Grimm",2,FALSE,0
"2304",6427,"1 BvR 1403/99",1999-08-26,1,0,"http://www.bverfg.de/e/rk19990826_1bvr140399.html",1999,3,"Jaeger","Steiner","Hohmann-Dennhardt","Papier","Haas","Hohmann-Dennhardt","Steiner Jaeger Kühling Hömig Grimm",1,"Papier Haas","Jaeger Steiner","Hohmann-Dennhardt Steiner Jaeger",2,0,"1 2","Steiner Jaeger Kühling Hömig Grimm",2,FALSE,0
"2410",4826,"1 BvR 1532/03",2003-08-20,1,0,"http://www.bverfg.de/e/rk20030820_1bvr153203.html",2003,3,"Steiner","Hohmann-Dennhardt","Bryde","Papier","Steiner","Hohmann-Dennhardt","Bryde Hömig Jaeger Hoffmann-Riem Haas",1,"Papier","Bryde","Steiner Hohmann-Dennhardt Bryde",2,0,"1","Bryde Hömig Jaeger Hoffmann-Riem",2,FALSE,0
"2454",4536,"1 BvR 1070/02",2004-06-22,1,0,"http://www.bverfg.de/e/rk20040622_1bvr107002.html",2004,3,"Steiner","Hohmann-Dennhardt","Bryde","Papier","Steiner","Hohmann-Dennhardt","Bryde Hömig Jaeger Hoffmann-Riem Haas",1,"Papier","Bryde","Steiner Hohmann-Dennhardt Bryde",2,0,"1","Bryde Hömig Jaeger Hoffmann-Riem Haas",2,FALSE,0
"2459",4496,"1 BvR 293/01",2004-07-27,1,0,"http://www.bverfg.de/e/rk20040727_1bvr029301.html",2004,3,"Steiner","Hohmann-Dennhardt","Bryde","Papier","Steiner","Hohmann-Dennhardt","Bryde Hömig Jaeger Hoffmann-Riem Haas",1,"Papier","Bryde","Steiner Hohmann-Dennhardt Bryde",2,0,"1","Bryde Hömig Jaeger Hoffmann-Riem Haas",2,FALSE,0
"2487",4377,"1 BvR 136/05",2005-01-28,1,0,"http://www.bverfg.de/e/rk20050128_1bvr013605.html",2005,3,"Hömig","Hoffmann-Riem","Gaier","Papier","Steiner","Gaier","Bryde Hömig Haas Hoffmann-Riem Hohmann-Dennhardt",1,"Papier Steiner","Hömig Hoffmann-Riem","Gaier Bryde Hömig",2,0,"2 4","Bryde Hömig Haas Hoffmann-Riem Hohmann-Dennhardt",2,FALSE,1
"2570",3885,"1 BvR 799/98",2006-09-15,1,0,"http://www.bverfg.de/e/rk20060915_1bvr079998.html",2006,3,"Eichberger","Gaier","Steiner","Papier","Steiner","Gaier","Eichberger Bryde Haas Hoffmann-Riem Hohmann-Dennhardt",1,"Papier","Eichberger","Gaier Steiner Eichberger",1,0,"1","Eichberger Bryde Haas Hoffmann-Riem Hohmann-Dennhardt",1,FALSE,0
"2571",3863,"1 BvR 690/03",2006-10-18,1,0,"http://www.bverfg.de/e/rk20061018_1bvr069003.html",2006,3,"Steiner","Gaier","Schluckebier","Papier","Steiner","Gaier","Schluckebier Eichberger Bryde Hoffmann-Riem Hohmann-Dennhardt",1,"Papier","Schluckebier","Steiner Gaier Schluckebier",1,0,"1","Schluckebier Eichberger Bryde Hoffmann-Riem Hohmann-Dennhardt",1,FALSE,0
"2594",3700,"1 BvR 1696/03",2007-05-25,1,0,"http://www.bverfg.de/e/rk20070525_1bvr169603.html",2007,3,"Steiner","Gaier","Schluckebier","Papier","Steiner","Gaier","Schluckebier Eichberger Bryde Hoffmann-Riem Hohmann-Dennhardt",1,"Papier","Schluckebier","Steiner Gaier Schluckebier",1,0,"1","Schluckebier Bryde Hoffmann-Riem Hohmann-Dennhardt",1,FALSE,0
"2614",3622,"1 BvR 1935/07",2007-09-03,1,0,"http://www.bverfg.de/e/rk20070903_1bvr193507.html",2007,3,"Steiner","Gaier","Schluckebier","Papier","Steiner","Gaier","Schluckebier Eichberger Bryde Hoffmann-Riem Hohmann-Dennhardt",1,"Papier","Schluckebier","Steiner Gaier Schluckebier",1,0,"1","Schluckebier Eichberger Bryde Hoffmann-Riem",1,FALSE,0
"2617",3585,"1 BvR 2818/07",2007-11-16,1,0,"http://www.bverfg.de/e/rk20071116_1bvr281807.html",2007,3,"Papier","Schluckebier","Kirchhof","Papier","Gaier","Kirchhof","Schluckebier Eichberger Bryde Hoffmann-Riem Hohmann-Dennhardt",1,"Gaier","Schluckebier","Papier Kirchhof Schluckebier",0,1,"1","Schluckebier Eichberger Bryde Hoffmann-Riem Hohmann-Dennhardt",0,FALSE,0
"2708",2964,"1 BvQ 37/09",2009-08-26,1,1,"http://www.bverfg.de/e/qk20090826_1bvq003709.html",2009,3,"Gaier","Schluckebier","Kirchhof","Papier","Bryde","Schluckebier","Kirchhof Gaier Hohmann-Dennhardt Masing Eichberger",1,"Papier Bryde","Gaier Kirchhof","Schluckebier Kirchhof Gaier",1,0,"1 2","Kirchhof Gaier Hohmann-Dennhardt Masing Eichberger",1,FALSE,0
"2769",2659,"1 BvR 2393/08",2010-08-02,1,0,"http://www.bverfg.de/e/rk20100802_1bvr239308.html",2010,3,"Bryde","Schluckebier","Paulus","Kirchhof","Bryde","Schluckebier","Paulus Gaier Hohmann-Dennhardt Masing Eichberger",1,"Kirchhof","Paulus","Bryde Schluckebier Paulus",1,0,"1","Paulus Gaier Masing Eichberger",1,FALSE,0
"2822",2426,"1 BvR 2658/10",2011-04-26,1,0,"http://www.bverfg.de/e/rk20110426_1bvr265810.html",2011,3,"Kirchhof","Baer","Britz","Kirchhof","Schluckebier","Baer","Britz Paulus Gaier Masing Eichberger",1,"Schluckebier","Britz","Kirchhof Baer Britz",2,0,"1","Britz Paulus Gaier Masing Eichberger",2,FALSE,0
"2826",2413,"1 BvR 2018/10",2011-05-05,1,0,"http://www.bverfg.de/e/rk20110505_1bvr201810.html",2011,3,"Schluckebier","Paulus","Baer","Kirchhof","Schluckebier","Baer","Britz Paulus Gaier Masing Eichberger",1,"Kirchhof","Paulus","Schluckebier Baer Britz",2,0,"2","Britz Paulus Gaier Masing Eichberger",1,FALSE,1
"2881",2061,"1 BvR 2952/08",2012-06-28,1,0,"http://www.bverfg.de/e/rk20120628_1bvr295208.html",2012,3,"Gaier","Schluckebier","Baer","Kirchhof","Schluckebier","Baer","Britz Paulus Gaier Masing Eichberger",1,"Kirchhof","Gaier","Schluckebier Baer Britz",2,0,"3","Britz Paulus Gaier Masing Eichberger",2,FALSE,1
"2891",1982,"1 BvR 3240/08",2012-11-14,1,0,"http://www.bverfg.de/e/rk20121114_1bvr324008.html",2012,3,"Gaier","Schluckebier","Baer","Kirchhof","Schluckebier","Baer","Britz Paulus Gaier Masing Eichberger",1,"Kirchhof","Gaier","Schluckebier Baer Britz",2,0,"2","Britz Gaier Masing Eichberger",2,FALSE,1
"2932",1790,"1 BvR 2519/13",2013-09-09,1,0,"http://www.bverfg.de/e/rk20130909a_1bvr251913.html",2013,3,"Kirchhof","Paulus","Baer","Kirchhof","Masing","Baer","Paulus Schluckebier Gaier Britz Eichberger",1,"Masing","Paulus","Kirchhof Baer Paulus",1,0,"1","Paulus Schluckebier Gaier Britz Eichberger",1,FALSE,0
"2935",1780,"1 BvR 2554/13",2013-09-26,1,0,"http://www.bverfg.de/e/rk20130926_1bvr255413.html",2013,3,"Kirchhof","Paulus","Baer","Kirchhof","Masing","Baer","Paulus Schluckebier Gaier Britz Eichberger",1,"Masing","Paulus","Kirchhof Baer Paulus",1,0,"1","Paulus Schluckebier Gaier Britz Eichberger",1,FALSE,0
"2940",1760,"1 BvQ 52/13",2013-11-08,1,1,"http://www.bverfg.de/e/qk20131108_1bvq005213.html",2013,3,"Kirchhof","Masing","Gaier","Kirchhof","Masing","Baer","Paulus Schluckebier Gaier Britz Eichberger",1,"Baer","Gaier","Kirchhof Masing Paulus",1,0,"3","Paulus Schluckebier Gaier Britz Eichberger",2,FALSE,1
"2979",1594,"1 BvR 1858/14",2014-07-31,1,0,"http://www.bverfg.de/e/rk20140731_1bvr185814.html",2014,3,"Kirchhof","Masing","Schluckebier","Kirchhof","Masing","Baer","Paulus Schluckebier Gaier Britz Eichberger",1,"Baer","Schluckebier","Kirchhof Masing Paulus",1,0,"2","Paulus Schluckebier Gaier Britz Eichberger",1,FALSE,1
"2988",1556,"1 BvR 3017/11",2014-09-24,1,0,"http://www.bverfg.de/e/rk20140924_1bvr301711.html",2014,3,"Baer","Kirchhof","Paulus","Kirchhof","Masing","Baer","Paulus Schluckebier Gaier Britz Eichberger",1,"Masing","Paulus","Baer Kirchhof Paulus",1,0,"1","Paulus Schluckebier Gaier Britz Eichberger",1,FALSE,0
"3023",1350,"1 BvQ 25/15",2015-07-18,1,1,"http://www.bverfg.de/e/qk20150718_1bvq002515.html",2015,3,"Gaier","Masing","Baer","Kirchhof","Masing","Baer","Paulus Schluckebier Gaier Britz Eichberger",1,"Kirchhof","Gaier","Masing Baer Paulus",2,0,"3","Paulus Schluckebier Gaier Britz Eichberger",3,FALSE,1
"3030",1318,"1 BvR 1917/15",2015-08-19,1,0,"http://www.bverfg.de/e/rk20150819_1bvr191715.html",2015,3,"Gaier","Paulus","Baer","Kirchhof","Masing","Baer","Paulus Schluckebier Gaier Britz Eichberger",1,"Masing","Paulus","Gaier Baer Paulus",2,0,"1","Paulus Schluckebier Britz Eichberger",2,FALSE,0
"3035",1306,"1 BvR 1983/15",2015-09-03,1,0,"http://www.bverfg.de/e/rk20150903_1bvr198315.html",2015,3,"Masing","Paulus","Baer","Kirchhof","Masing","Baer","Paulus Schluckebier Gaier Britz Eichberger",1,"Kirchhof","Paulus","Masing Baer Paulus",2,0,"1","Paulus Schluckebier Gaier Britz Eichberger",2,FALSE,0
"3036",1301,"1 BvR 2211/15",2015-09-11,1,0,"http://www.bverfg.de/e/rk20150911_1bvr221115.html",2015,3,"Gaier","Masing","Baer","Kirchhof","Masing","Baer","Paulus Schluckebier Gaier Britz Eichberger",1,"Kirchhof","Gaier","Masing Baer Paulus",2,0,"3","Paulus Schluckebier Gaier Britz Eichberger",3,FALSE,1
"3043",1206,"1 BvQ 47/15",2015-12-02,1,1,"http://www.bverfg.de/e/qk20151202_1bvq004715.html",2015,3,"Schluckebier","Masing","Baer","Kirchhof","Masing","Baer","Paulus Schluckebier Gaier Britz Eichberger",1,"Kirchhof","Schluckebier","Masing Baer Paulus",2,0,"2","Paulus Schluckebier Gaier Britz Eichberger",2,FALSE,1
"3104",861,"1 BvR 2183/16",2016-10-17,1,0,"http://www.bverfg.de/e/rk20161017_1bvr218316.html",2016,3,"Kirchhof","Masing","Baer","Kirchhof","Masing","Paulus","Ott Schluckebier Britz Baer Eichberger",1,"Paulus","Baer","Kirchhof Masing Ott",2,0,"4","Ott Schluckebier Britz Baer Eichberger",2,FALSE,1
"3138",641,"1 BvQ 29/17",2017-06-03,1,1,"http://www.bverfg.de/e/qk20170603_1bvq002917.html",2017,3,"Kirchhof","Masing","Ott","Kirchhof","Masing","Paulus","Ott Schluckebier Britz Baer Eichberger",1,"Paulus","Ott","Kirchhof Masing Ott",2,0,"1","Ott Schluckebier Britz Baer Eichberger",2,FALSE,0
"3147",605,"1 BvR 1387/17",2017-06-30,1,0,"http://www.bverfg.de/e/rk20170630_1bvr138717.html",2017,3,"Masing","Paulus","Ott","Kirchhof","Masing","Paulus","Ott Schluckebier Britz Baer Eichberger",1,"Kirchhof","Ott","Masing Paulus Ott",2,0,"1","Ott Schluckebier Britz Baer Eichberger",2,FALSE,0
"3168",365,"1 BvQ 18/18",2018-03-24,1,1,"http://www.bverfg.de/e/qk20180324_1bvq001818.html",2018,3,"Masing","Paulus","Eichberger","Kirchhof","Masing","Paulus","Christ Ott Britz Baer Eichberger",1,"Kirchhof","Eichberger","Masing Paulus Christ",1,0,"5","Christ Ott Britz Baer Eichberger",1,FALSE,1
"3208",520,"1 BvR 1436/17",2017-09-11,1,0,"http://www.bverfg.de/e/rk20170911_1bvr143617.html",2017,4,"Schluckebier","Baer","Britz","Schluckebier","Paulus","Ott","Kirchhof Britz Baer Eichberger Masing",1,"Paulus Ott","Baer Britz","Schluckebier Kirchhof Britz",1,0,"2 3","Kirchhof Britz Baer Eichberger Masing",2,FALSE,1
"3231",6846,"2 BvR 159/97",1998-05-04,2,0,"http://www.bverfg.de/e/rk19980504_2bvr015997.html",1998,1,"Winter","Sommer","Hassemer","Sommer","Jentsch","Hassemer","Limbach Winter Kruis Kirchhof Graßhof",1,"Jentsch","Winter","Sommer Hassemer Limbach",3,1,"2","Limbach Winter Kruis Kirchhof Graßhof",2,FALSE,1
"3237",6782,"2 BvR 99/97",1998-07-24,2,0,"http://www.bverfg.de/e/rk19980724_2bvr009997.html",1998,1,"Winter","Sommer","Jentsch","Sommer","Jentsch","Hassemer","Limbach Winter Kruis Kirchhof Graßhof",1,"Hassemer","Winter","Sommer Jentsch Limbach",2,0,"2","Limbach Winter Kruis Kirchhof Graßhof",1,FALSE,1
"3247",6714,"2 BvR 1328/96",1998-10-16,2,0,"http://www.bverfg.de/e/rk19981016_2bvr132896.html",1998,1,"Sommer","Hassemer","Broß","Sommer","Broß","Osterloh","Winter Hassemer Limbach Kirchhof Jentsch",1,"Osterloh","Hassemer","Sommer Broß Winter",1,0,"2","Winter Hassemer Limbach Kirchhof Jentsch",2,FALSE,1
"3309",6043,"2 BvR 1430/00",2000-08-24,2,0,"http://www.bverfg.de/e/rk20000824_2bvr143000.html",2000,1,"Limbach","Sommer","Broß","Sommer","Broß","Osterloh","DiFabio Winter Hassemer Limbach Jentsch",1,"Osterloh","Limbach","Sommer Broß Limbach",2,0,"1","Limbach Jentsch",2,FALSE,0
"3334",5879,"2 BvR 2205/99",2000-12-27,2,0,"http://www.bverfg.de/e/rk20001227_2bvr220599.html",2000,1,"Sommer","Broß","DiFabio","Sommer","Broß","Osterloh","DiFabio Winter Hassemer Limbach Jentsch",1,"Osterloh","DiFabio","Sommer Broß DiFabio",1,0,"1","DiFabio Hassemer Limbach",1,FALSE,0
"3335",5869,"2 BvR 902/00",2001-01-16,2,0,"http://www.bverfg.de/e/rk20010116_2bvr090200.html",2001,1,"Sommer","Broß","DiFabio","Sommer","Broß","Mellinghoff","DiFabio Osterloh Hassemer Limbach Jentsch",1,"Mellinghoff","DiFabio","Sommer Broß DiFabio",1,0,"1","DiFabio Hassemer Limbach",1,FALSE,0
"3460",4650,"2 BvR 54/04",2004-03-03,2,0,"http://www.bverfg.de/e/rk20040303_2bvr005404.html",2004,1,"Broß","DiFabio","Osterloh","Broß","DiFabio","Gerhardt","Lübbe-Wolff Jentsch Mellinghoff Osterloh Hassemer",1,"Gerhardt","Osterloh","Broß DiFabio Lübbe-Wolff",1,0,"4","Lübbe-Wolff Jentsch Mellinghoff Osterloh Hassemer",1,FALSE,1
"3483",4201,"2 BvQ 25/05",2005-09-02,2,1,"http://www.bverfg.de/e/qk20050902_2bvq002505.html",2005,1,"Jentsch","Broß","Lübbe-Wolff","Broß","DiFabio","Lübbe-Wolff","Gerhardt Jentsch Mellinghoff Osterloh Hassemer",1,"DiFabio","Jentsch","Broß Lübbe-Wolff Jentsch",1,0,"1","Jentsch Mellinghoff Osterloh Hassemer",1,FALSE,0
"3498",4129,"2 BvR 1779/05",2005-12-23,2,0,"http://www.bverfg.de/e/rk20051223_2bvr177905.html",2005,1,"Broß","DiFabio","Landau","Hassemer","DiFabio","Landau","Gerhardt Lübbe-Wolff Broß Mellinghoff Osterloh",1,"Hassemer","Broß","DiFabio Landau Gerhardt",1,0,"3","Gerhardt Lübbe-Wolff Broß Mellinghoff Osterloh",0,FALSE,1
"3499",4123,"2 BvR 2/06",2006-01-05,2,0,"http://www.bverfg.de/e/rk20060105_2bvr000206.html",2006,1,"Broß","Mellinghoff","Landau","Hassemer","DiFabio","Landau","Gerhardt Lübbe-Wolff Broß Mellinghoff Osterloh",1,"DiFabio","Mellinghoff","Broß Landau Gerhardt",1,0,"3","Gerhardt Lübbe-Wolff Mellinghoff Osterloh",0,FALSE,1
"3515",4068,"2 BvR 173/06",2006-02-23,2,0,"http://www.bverfg.de/e/rk20060223_2bvr017306.html",2006,1,"Hassemer","DiFabio","Gerhardt","Hassemer","DiFabio","Landau","Gerhardt Lübbe-Wolff Broß Mellinghoff Osterloh",1,"Landau","Gerhardt","Hassemer DiFabio Gerhardt",2,0,"1","Gerhardt Lübbe-Wolff Broß Mellinghoff Osterloh",2,FALSE,0
"3544",3926,"2 BvR 513/06",2006-07-12,2,0,"http://www.bverfg.de/e/rk20060712_2bvr051306.html",2006,1,"Hassemer","DiFabio","Gerhardt","Hassemer","DiFabio","Landau","Gerhardt Lübbe-Wolff Broß Mellinghoff Osterloh",1,"Landau","Gerhardt","Hassemer DiFabio Gerhardt",2,0,"1","Gerhardt Lübbe-Wolff Broß Mellinghoff Osterloh",2,FALSE,0
"3629",3551,"2 BvR 1103/07",2008-01-14,2,0,"http://www.bverfg.de/e/rk20080114_2bvr110307.html",2008,1,"Hassemer","DiFabio","Gerhardt","Hassemer","DiFabio","Landau","Gerhardt Lübbe-Wolff Broß Mellinghoff Osterloh",1,"Landau","Gerhardt","Hassemer DiFabio Gerhardt",2,0,"1","Gerhardt Lübbe-Wolff Broß Mellinghoff Osterloh",2,FALSE,0
"3656",3398,"2 BvR 2306/07",2008-05-07,2,0,"http://www.bverfg.de/e/rk20080507_2bvr230607.html",2008,1,"Hassemer","DiFabio","Landau","Voßkuhle","Osterloh","Mellinghoff","Landau DiFabio Broß Gerhardt Lübbe-Wolff",1,"Voßkuhle Osterloh Mellinghoff","Hassemer DiFabio Landau","Landau DiFabio Broß",0,1,"1 2","Landau DiFabio Broß Gerhardt Lübbe-Wolff",1,FALSE,0
"3663",3339,"2 BvR 1448/08",2008-08-12,2,0,"http://www.bverfg.de/e/rk20080812_2bvr144808.html",2008,1,"Osterloh","Mellinghoff","Gerhardt","Voßkuhle","Osterloh","Mellinghoff","Landau DiFabio Broß Gerhardt Lübbe-Wolff",1,"Voßkuhle","Gerhardt","Osterloh Mellinghoff Landau",1,0,"4","Landau DiFabio Broß Gerhardt Lübbe-Wolff",2,FALSE,1
"3712",2946,"2 BvQ 56/09",2009-09-08,2,1,"http://www.bverfg.de/e/qk20090908_2bvq005609.html",2009,1,"Osterloh","Gerhardt","Landau","Osterloh","Mellinghoff","Gerhardt","Landau DiFabio Broß Voßkuhle Lübbe-Wolff",1,"Mellinghoff","Landau","Osterloh Gerhardt Landau",2,0,"1","Landau DiFabio Broß Voßkuhle",2,FALSE,0
"3718",2887,"2 BvQ 77/09",2009-11-05,2,1,"http://www.bverfg.de/e/qk20091105_2bvq007709.html",2009,1,"Broß","Osterloh","Gerhardt","Osterloh","Mellinghoff","Gerhardt","Landau DiFabio Broß Voßkuhle Lübbe-Wolff",1,"Mellinghoff","Broß","Osterloh Gerhardt Landau",2,0,"3","Landau DiFabio Broß Voßkuhle Lübbe-Wolff",2,FALSE,1
"3724",2846,"2 BvR 2879/09",2009-12-22,2,0,"http://www.bverfg.de/e/rk20091222_2bvr287909.html",2009,1,"Mellinghoff","Gerhardt","Landau","Osterloh","Mellinghoff","Gerhardt","Landau DiFabio Broß Voßkuhle Lübbe-Wolff",1,"Osterloh","Landau","Mellinghoff Gerhardt Landau",1,0,"1","Landau DiFabio Broß Voßkuhle Lübbe-Wolff",1,FALSE,0
"3736",2684,"2 BvR 1392/10",2010-07-14,2,0,"http://www.bverfg.de/e/rk20100714_2bvr139210.html",2010,1,"Osterloh","Gerhardt","Landau","Osterloh","Mellinghoff","Gerhardt","Landau DiFabio Broß Voßkuhle Lübbe-Wolff",1,"Mellinghoff","Landau","Osterloh Gerhardt Landau",2,0,"1","Landau DiFabio Broß Voßkuhle Lübbe-Wolff",2,FALSE,0
"3754",2544,"2 BvR 2435/10",2010-11-26,2,0,"http://www.bverfg.de/e/rk20101126_2bvr243510.html",2010,1,"Voßkuhle","Gerhardt","Hermanns","Voßkuhle","Gerhardt","Landau","Hermanns DiFabio Huber Lübbe-Wolff Mellinghoff",1,"Landau","Hermanns","Voßkuhle Gerhardt Hermanns",3,1,"1","Hermanns DiFabio Huber Lübbe-Wolff Mellinghoff",3,FALSE,0
"3832",1299,"2 BvR 2640/12",2015-09-11,2,0,"http://www.bverfg.de/e/rk20150911_2bvr264012.html",2015,1,"Voßkuhle","Landau","Kessal-Wulf","Voßkuhle","Landau","Hermanns","König Kessal-Wulf Maidowski Müller Huber",1,"Hermanns","Kessal-Wulf","Voßkuhle Landau König",2,0,"2","König Kessal-Wulf Maidowski Müller",1,FALSE,1
"3864",1136,"2 BvR 399/16",2016-02-26,2,0,"http://www.bverfg.de/e/rk20160226_2bvr039916.html",2016,1,"Hermanns","König","Maidowski","Voßkuhle","Landau","Hermanns","König Kessal-Wulf Maidowski Müller Huber",1,"Voßkuhle Landau","König Maidowski","Hermanns König Kessal-Wulf",2,0,"1 3","König Kessal-Wulf Maidowski Müller Huber",3,FALSE,1
"3875",926,"2 BvR 1490/16",2016-07-28,2,0,"http://www.bverfg.de/e/rk20160728_2bvr149016.html",2016,1,"Müller","Kessal-Wulf","Langenfeld","Voßkuhle","Kessal-Wulf","Maidowski","König Huber Langenfeld Müller Hermanns",1,"Voßkuhle Maidowski","Müller Langenfeld","Kessal-Wulf König Huber",1,0,"3 4","König Huber Langenfeld Müller",0,FALSE,1
"3876",919,"2 BvR 1287/16",2016-08-09,2,0,"http://www.bverfg.de/e/rk20160809_2bvr128716.html",2016,1,"Voßkuhle","König","Langenfeld","Voßkuhle","Kessal-Wulf","Maidowski","König Huber Langenfeld Müller Hermanns",1,"Kessal-Wulf","König","Voßkuhle Langenfeld König",2,0,"1","König Huber Müller",2,FALSE,0
"3911",642,"2 BvR 1226/17",2017-06-01,2,0,"http://www.bverfg.de/e/rk20170601_2bvr122617.html",2017,1,"Huber","König","Maidowski","Voßkuhle","Kessal-Wulf","Maidowski","König Huber Langenfeld Müller Hermanns",1,"Voßkuhle Kessal-Wulf","Huber König","Maidowski König Huber",2,0,"1 2","König Huber Langenfeld Müller Hermanns",2,FALSE,0
"3915",585,"2 BvR 1621/17",2017-07-20,2,0,"http://www.bverfg.de/e/rk20170720_2bvr162117.html",2017,1,"Kessal-Wulf","König","Maidowski","Voßkuhle","Kessal-Wulf","Maidowski","König Huber Langenfeld Müller Hermanns",1,"Voßkuhle","König","Kessal-Wulf Maidowski König",2,0,"1","König Huber Langenfeld Müller Hermanns",2,FALSE,0
"3917",571,"2 BvR 1606/17",2017-07-26,2,0,"http://www.bverfg.de/e/rk20170726_2bvr160617.html",2017,1,"Huber","Kessal-Wulf","Maidowski","Voßkuhle","Kessal-Wulf","Maidowski","König Huber Langenfeld Müller Hermanns",1,"Voßkuhle","Huber","Kessal-Wulf Maidowski König",2,0,"2","König Huber Langenfeld Müller Hermanns",1,FALSE,1
"3930",519,"2 BvQ 56/17",2017-09-14,2,1,"http://www.bverfg.de/e/qk20170914_2bvq005617.html",2017,1,"Kessal-Wulf","König","Maidowski","Voßkuhle","Kessal-Wulf","Maidowski","König Huber Langenfeld Müller Hermanns",1,"Voßkuhle","König","Kessal-Wulf Maidowski König",2,0,"1","König Langenfeld Müller",2,FALSE,0
"3940",450,"2 BvR 2694/17",2017-12-06,2,0,"http://www.bverfg.de/e/rk20171206_2bvr269417.html",2017,1,"Kessal-Wulf","König","Maidowski","Voßkuhle","Kessal-Wulf","Maidowski","König Huber Langenfeld Müller Hermanns",1,"Voßkuhle","König","Kessal-Wulf Maidowski König",2,0,"1","König Huber Langenfeld Müller Hermanns",2,FALSE,0
"3947",425,"2 BvR 2801/17",2017-12-22,2,0,"http://www.bverfg.de/e/rk20171222_2bvr280117.html",2017,1,"Huber","Kessal-Wulf","Maidowski","Voßkuhle","Kessal-Wulf","Maidowski","König Huber Langenfeld Müller Hermanns",1,"Voßkuhle","Huber","Kessal-Wulf Maidowski König",2,0,"2","König Huber Langenfeld Müller Hermanns",1,FALSE,1
"3957",378,"2 BvQ 24/18",2018-03-15,2,1,"http://www.bverfg.de/e/qk20180315_2bvq002418.html",2018,1,"Kessal-Wulf","König","Maidowski","Voßkuhle","Kessal-Wulf","Maidowski","König Huber Langenfeld Müller Hermanns",1,"Voßkuhle","König","Kessal-Wulf Maidowski König",2,0,"1","König Huber Langenfeld Müller Hermanns",2,FALSE,0
"3976",246,"2 BvR 1258/18",2018-08-01,2,0,"http://www.bverfg.de/e/rk20180801_2bvr125818.html",2018,1,"Voßkuhle","König","Maidowski","Voßkuhle","Kessal-Wulf","Maidowski","König Huber Langenfeld Müller Hermanns",1,"Kessal-Wulf","König","Voßkuhle Maidowski König",3,1,"1","König Huber Langenfeld Müller Hermanns",3,FALSE,0
"3990",127,"2 BvQ 9/19",2019-02-22,2,1,"http://www.bverfg.de/e/qk20190222_2bvq000919.html",2019,1,"Voßkuhle","König","Maidowski","Voßkuhle","Kessal-Wulf","Maidowski","König Huber Langenfeld Müller Hermanns",1,"Kessal-Wulf","König","Voßkuhle Maidowski König",3,1,"1","König Huber Langenfeld Müller Hermanns",3,FALSE,0
"4019",6873,"2 BvR 1827/97",1998-04-07,2,0,"http://www.bverfg.de/e/rk19980407_2bvr182797.html",1998,2,"Kruis","Winter","Jentsch","Limbach","Kruis","Winter","Kirchhof Graßhof Hassemer Jentsch Sommer",1,"Limbach","Jentsch","Kruis Winter Kirchhof",0,1,"4","Kirchhof Graßhof Hassemer Jentsch Sommer",0,FALSE,1
"4020",6874,"2 BvR 2560/95",1998-04-07,2,0,"http://www.bverfg.de/e/rk19980407_2bvr256095.html",1998,2,"Kruis","Winter","Hassemer","Limbach","Kruis","Winter","Kirchhof Graßhof Hassemer Jentsch Sommer",1,"Limbach","Hassemer","Kruis Winter Kirchhof",0,1,"3","Kirchhof Graßhof Hassemer Jentsch Sommer",1,FALSE,1
"4022",6835,"2 BvR 61/96",1998-05-12,2,0,"http://www.bverfg.de/e/rk19980512_2bvr006196.html",1998,2,"Kruis","Winter","Hassemer","Limbach","Kruis","Winter","Kirchhof Graßhof Hassemer Jentsch Sommer",1,"Limbach","Hassemer","Kruis Winter Kirchhof",0,1,"3","Kirchhof Graßhof Hassemer Jentsch Sommer",1,FALSE,1
"4045",6663,"2 BvQ 37/98",1998-12-29,2,1,"http://www.bverfg.de/e/qk19981229_2bvq003798.html",1998,2,"Winter","Jentsch","Broß","Limbach","Winter","Hassemer","Kirchhof Jentsch Osterloh Broß Sommer",1,"Limbach Hassemer","Jentsch Broß","Winter Kirchhof Jentsch",0,1,"2 4","Kirchhof Jentsch Osterloh Broß Sommer",0,FALSE,1
"4076",6554,"2 BvR 514/99",1999-03-30,2,0,"http://www.bverfg.de/e/rk19990330_2bvr051499.html",1999,2,"Winter","Jentsch","Osterloh","Limbach","Winter","Hassemer","Kirchhof Jentsch Osterloh Broß Sommer",1,"Limbach Hassemer","Jentsch Osterloh","Winter Kirchhof Jentsch",0,1,"2 3","Kirchhof Jentsch Osterloh Broß Sommer",1,FALSE,1
"4089",6520,"2 BvR 2324/97",1999-05-07,2,0,"http://www.bverfg.de/e/rk19990507_2bvr232497.html",1999,2,"Limbach","Jentsch","Hassemer","Limbach","Winter","Hassemer","Kirchhof Jentsch Osterloh Broß Sommer",1,"Winter","Jentsch","Limbach Hassemer Kirchhof",2,0,"2","Kirchhof Jentsch Osterloh Broß Sommer",2,FALSE,1
"4094",6513,"2 BvR 116/99",1999-05-15,2,0,"http://www.bverfg.de/e/rk19990515_2bvr011699.html",1999,2,"Limbach","Jentsch","Hassemer","Limbach","Winter","Hassemer","Kirchhof Jentsch Osterloh Broß Sommer",1,"Winter","Jentsch","Limbach Hassemer Kirchhof",2,0,"2","Kirchhof Jentsch Osterloh Broß Sommer",2,FALSE,1
"4096",6496,"2 BvR 867/99",1999-06-17,2,0,"http://www.bverfg.de/e/rk19990617_2bvr086799.html",1999,2,"Limbach","Hassemer","Broß","Limbach","Winter","Hassemer","Kirchhof Jentsch Osterloh Broß Sommer",1,"Winter","Broß","Limbach Hassemer Kirchhof",2,0,"4","Kirchhof Jentsch Osterloh Broß Sommer",2,FALSE,1
"4097",6487,"2 BvR 762/98",1999-06-23,2,0,"http://www.bverfg.de/e/rk19990623_2bvr076298.html",1999,2,"Limbach","Jentsch","Hassemer","Limbach","Winter","Hassemer","Kirchhof Jentsch Osterloh Broß Sommer",1,"Winter","Jentsch","Limbach Hassemer Kirchhof",2,0,"2","Kirchhof Jentsch Osterloh Broß Sommer",2,FALSE,1
"4098",6480,"2 BvQ 28/99",1999-06-24,2,1,"http://www.bverfg.de/e/qk19990624_2bvq002899.html",1999,2,"Limbach","Hassemer","Broß","Limbach","Winter","Hassemer","Kirchhof Jentsch Osterloh Broß Sommer",1,"Winter","Broß","Limbach Hassemer Kirchhof",2,0,"4","Kirchhof Jentsch Osterloh Broß Sommer",2,FALSE,1
"4099",6478,"2 BvR 1067/99",1999-06-30,2,0,"http://www.bverfg.de/e/rk19990630_2bvr106799.html",1999,2,"Limbach","Jentsch","Hassemer","Limbach","Winter","Hassemer","Kirchhof Jentsch Osterloh Broß Sommer",1,"Winter","Jentsch","Limbach Hassemer Kirchhof",2,0,"2","Kirchhof Jentsch Osterloh Broß Sommer",2,FALSE,1
"4103",6434,"2 BvQ 30/99",1999-08-20,2,1,"http://www.bverfg.de/e/qk19990820_2bvq003099.html",1999,2,"Jentsch","Hassemer","Broß","Limbach","Winter","Hassemer","Kirchhof Jentsch Osterloh Broß Sommer",1,"Limbach","Broß","Jentsch Hassemer Kirchhof",1,0,"3","Kirchhof Osterloh Broß Sommer",1,FALSE,1
"4106",6401,"2 BvR 1897/95",1999-09-28,2,0,"http://www.bverfg.de/e/rk19990928_2bvr189795.html",1999,2,"Limbach","Jentsch","Hassemer","Limbach","Winter","Hassemer","Kirchhof Jentsch Osterloh Broß Sommer",1,"Winter","Jentsch","Limbach Hassemer Kirchhof",2,0,"2","Kirchhof Jentsch Osterloh Broß Sommer",2,FALSE,1
"4114",6380,"2 BvR 2039/99",1999-11-03,2,0,"http://www.bverfg.de/e/rk19991103_2bvr203999.html",1999,2,"Limbach","Jentsch","Hassemer","Limbach","Winter","Hassemer","Kirchhof Jentsch Osterloh Broß Sommer",1,"Winter","Jentsch","Limbach Hassemer Kirchhof",2,0,"2","Kirchhof Jentsch Osterloh Broß Sommer",2,FALSE,1
"4121",6288,"2 BvQ 60/99",2000-01-11,2,1,"http://www.bverfg.de/e/qk20000111_2bvq006099.html",2000,2,"Hassemer","Broß","DiFabio","Sommer","Osterloh","DiFabio","Winter Hassemer Limbach Jentsch Broß",1,"Sommer Osterloh","Hassemer Broß","DiFabio Hassemer Limbach",2,0,"1 4","Hassemer Limbach Jentsch Broß",1,FALSE,1
"4128",6050,"2 BvR 1363/00",2000-08-22,2,0,"http://www.bverfg.de/e/rk20000822_2bvr136300.html",2000,2,"Sommer","Jentsch","Broß","Sommer","Osterloh","DiFabio","Winter Hassemer Limbach Jentsch Broß",1,"Osterloh DiFabio","Jentsch Broß","Sommer Limbach Jentsch",2,0,"2 3","Limbach Jentsch Broß",1,FALSE,1
"4148",5605,"2 BvR 1301/01",2001-08-17,2,0,"http://www.bverfg.de/e/rk20010817_2bvr130101.html",2001,2,"Sommer","Jentsch","Broß","Sommer","Osterloh","DiFabio","Mellinghoff Hassemer Limbach Jentsch Broß",1,"Osterloh DiFabio","Jentsch Broß","Sommer Hassemer Limbach",3,1,"3 4","Hassemer Limbach Jentsch Broß",1,FALSE,1
"4164",5242,"2 BvQ 32/02",2002-06-14,2,1,"http://www.bverfg.de/e/qk20020614_2bvq003202.html",2002,2,"Sommer","Jentsch","Osterloh","Jentsch","Broß","Lübbe-Wolff","Mellinghoff Osterloh Hassemer DiFabio Sommer",1,"Broß Lübbe-Wolff","Sommer Osterloh","Jentsch Mellinghoff Osterloh",1,0,"2 5","Mellinghoff Osterloh Hassemer DiFabio Sommer",2,FALSE,1
"4170",5167,"2 BvR 1332/02",2002-08-30,2,0,"http://www.bverfg.de/e/rk20020830_2bvr133202.html",2002,2,"Jentsch","Broß","Mellinghoff","Jentsch","Broß","Lübbe-Wolff","Mellinghoff Osterloh Hassemer DiFabio Sommer",1,"Lübbe-Wolff","Mellinghoff","Jentsch Broß Mellinghoff",0,1,"1","Mellinghoff Hassemer DiFabio Sommer",0,FALSE,0
"4186",4896,"2 BvR 530/03",2003-05-06,2,0,"http://www.bverfg.de/e/rk20030506_2bvr053003.html",2003,2,"Hassemer","Broß","Lübbe-Wolff","Jentsch","Broß","Lübbe-Wolff","Mellinghoff Osterloh Hassemer DiFabio Sommer",1,"Jentsch","Hassemer","Broß Lübbe-Wolff Mellinghoff",1,0,"3","Mellinghoff Osterloh Hassemer DiFabio Sommer",2,FALSE,1
"4192",4821,"2 BvR 1324/03",2003-08-27,2,0,"http://www.bverfg.de/e/rk20030827_2bvr132403.html",2003,2,"Jentsch","Broß","Osterloh","Jentsch","Broß","Lübbe-Wolff","Mellinghoff Osterloh Hassemer Gerhardt DiFabio",1,"Lübbe-Wolff","Osterloh","Jentsch Broß Mellinghoff",0,1,"2","Mellinghoff Osterloh Hassemer Gerhardt DiFabio",1,FALSE,1
"4193",4822,"2 BvR 911/03",2003-08-27,2,0,"http://www.bverfg.de/e/rk20030827_2bvr091103.html",2003,2,"Jentsch","Broß","Gerhardt","Jentsch","Broß","Lübbe-Wolff","Mellinghoff Osterloh Hassemer Gerhardt DiFabio",1,"Lübbe-Wolff","Gerhardt","Jentsch Broß Mellinghoff",0,1,"4","Mellinghoff Osterloh Hassemer Gerhardt DiFabio",1,FALSE,1
"4230",4211,"2 BvR 1357/05",2005-08-18,2,0,"http://www.bverfg.de/e/rk20050818_2bvr135705.html",2005,2,"Hassemer","Jentsch","Broß","Jentsch","Broß","Gerhardt","Mellinghoff Osterloh Hassemer Lübbe-Wolff DiFabio",1,"Gerhardt","Hassemer","Jentsch Broß Mellinghoff",0,1,"3","Mellinghoff Osterloh Hassemer Lübbe-Wolff DiFabio",1,FALSE,1
"4236",4184,"2 BvR 1651/03",2005-09-26,2,0,"http://www.bverfg.de/e/rk20050926_2bvr165103.html",2005,2,"Broß","DiFabio","Lübbe-Wolff","Jentsch","Broß","Gerhardt","Mellinghoff Osterloh Hassemer Lübbe-Wolff DiFabio",1,"Jentsch Gerhardt","DiFabio Lübbe-Wolff","Broß Mellinghoff Osterloh",1,0,"4 5","Mellinghoff Osterloh Hassemer Lübbe-Wolff DiFabio",1,FALSE,1
"4251",4030,"2 BvQ 22/06",2006-04-12,2,1,"http://www.bverfg.de/e/qk20060412_2bvq002206.html",2006,2,"Osterloh","Lübbe-Wolff","Gerhardt","Broß","Lübbe-Wolff","Gerhardt","Mellinghoff Osterloh Landau DiFabio Hassemer",1,"Broß","Osterloh","Lübbe-Wolff Gerhardt Mellinghoff",2,0,"2","Mellinghoff Osterloh Landau DiFabio Hassemer",3,FALSE,1
"4252",4029,"2 BvR 699/06",2006-04-15,2,0,"http://www.bverfg.de/e/rk20060415_2bvr069906.html",2006,2,"Osterloh","Mellinghoff","Lübbe-Wolff","Broß","Lübbe-Wolff","Gerhardt","Mellinghoff Osterloh Landau DiFabio Hassemer",1,"Gerhardt","Mellinghoff","Osterloh Lübbe-Wolff Mellinghoff",2,0,"1","Mellinghoff Landau DiFabio Hassemer",2,FALSE,0
"4313",3517,"2 BvR 214/08",2008-02-04,2,0,"http://www.bverfg.de/e/rk20080204_2bvr021408.html",2008,2,"Osterloh","Mellinghoff","Lübbe-Wolff","Broß","Lübbe-Wolff","Gerhardt","Mellinghoff Osterloh Landau DiFabio Hassemer",1,"Broß Gerhardt","Osterloh Mellinghoff","Lübbe-Wolff Mellinghoff Osterloh",2,0,"1 2","Mellinghoff Osterloh Landau DiFabio Hassemer",2,FALSE,0
"4330",3396,"2 BvR 733/08",2008-05-09,2,0,"http://www.bverfg.de/e/rk20080509_2bvr073308.html",2008,2,"DiFabio","Gerhardt","Landau","Broß","DiFabio","Landau","Gerhardt Lübbe-Wolff Mellinghoff Voßkuhle Osterloh",1,"Broß","Gerhardt","DiFabio Landau Gerhardt",1,0,"1","Gerhardt Lübbe-Wolff",1,FALSE,0
"4377",3167,"2 BvR 287/09",2009-02-19,2,0,"http://www.bverfg.de/e/rk20090219_2bvr028709.html",2009,2,"DiFabio","Lübbe-Wolff","Landau","Broß","DiFabio","Landau","Voßkuhle Lübbe-Wolff Mellinghoff Gerhardt Osterloh",1,"Broß","Lübbe-Wolff","DiFabio Landau Voßkuhle",1,0,"2","Voßkuhle Lübbe-Wolff Mellinghoff Gerhardt Osterloh",1,FALSE,1
"4403",2996,"2 BvR 542/09",2009-07-23,2,0,"http://www.bverfg.de/e/rk20090723_2bvr054209.html",2009,2,"Broß","Lübbe-Wolff","Landau","Broß","DiFabio","Landau","Voßkuhle Lübbe-Wolff Mellinghoff Gerhardt Osterloh",1,"DiFabio","Lübbe-Wolff","Broß Landau Voßkuhle",1,0,"2","Voßkuhle Lübbe-Wolff Mellinghoff Gerhardt Osterloh",1,FALSE,1
"4406",2971,"2 BvR 343/09",2009-08-11,2,0,"http://www.bverfg.de/e/rk20090811_2bvr034309.html",2009,2,"Broß","DiFabio","Lübbe-Wolff","Broß","DiFabio","Landau","Voßkuhle Lübbe-Wolff Mellinghoff Gerhardt Osterloh",1,"Landau","Lübbe-Wolff","Broß DiFabio Voßkuhle",1,0,"2","Voßkuhle Lübbe-Wolff Mellinghoff Gerhardt Osterloh",1,FALSE,1
"4425",2815,"2 BvR 2307/06",2010-02-04,2,0,"http://www.bverfg.de/e/rk20100204_2bvr230706.html",2010,2,"Broß","DiFabio","Gerhardt","Broß","DiFabio","Landau","Voßkuhle Lübbe-Wolff Mellinghoff Gerhardt Osterloh",1,"Landau","Gerhardt","Broß DiFabio Voßkuhle",1,0,"4","Voßkuhle Lübbe-Wolff Mellinghoff Gerhardt Osterloh",1,FALSE,1
"4439",2699,"2 BvR 571/10",2010-06-30,2,0,"http://www.bverfg.de/e/rk20100630_2bvr057110.html",2010,2,"DiFabio","Lübbe-Wolff","Landau","Broß","DiFabio","Landau","Voßkuhle Lübbe-Wolff Mellinghoff Gerhardt Osterloh",1,"Broß","Lübbe-Wolff","DiFabio Landau Voßkuhle",1,0,"2","Voßkuhle Lübbe-Wolff Mellinghoff Gerhardt Osterloh",1,FALSE,1
"4451",2549,"2 BvL 12/09",2010-11-16,2,0,"http://www.bverfg.de/e/lk20101116_2bvl001209.html",2010,2,"Broß","DiFabio","Landau","DiFabio","Gerhardt","Hermanns","Huber Lübbe-Wolff Mellinghoff Landau Voßkuhle",1,"Gerhardt Hermanns","Broß Landau","DiFabio Huber Lübbe-Wolff",1,0,"4","Huber Lübbe-Wolff Mellinghoff Landau Voßkuhle",0,FALSE,1
"4466",2302,"2 BvR 1010/10",2011-10-11,2,0,"http://www.bverfg.de/e/rk20111011_2bvr101010.html",2011,2,"Gerhardt","Huber","Hermanns","DiFabio","Gerhardt","Hermanns","Huber Lübbe-Wolff Mellinghoff Landau Voßkuhle",1,"DiFabio","Huber","Gerhardt Hermanns Huber",2,0,"1","Huber Lübbe-Wolff Mellinghoff Landau Voßkuhle",2,FALSE,0
"4490",1966,"2 BvQ 50/12",2012-11-23,2,1,"http://www.bverfg.de/e/qk20121123_2bvq005012.html",2012,2,"Lübbe-Wolff","Gerhardt","Müller","Gerhardt","Hermanns","Müller","Kessal-Wulf Huber Lübbe-Wolff Landau Voßkuhle",1,"Hermanns","Lübbe-Wolff","Gerhardt Müller Kessal-Wulf",1,0,"3","Kessal-Wulf Huber Lübbe-Wolff Landau Voßkuhle",2,FALSE,1
"4537",1588,"2 BvR 1698/12",2014-08-12,2,0,"http://www.bverfg.de/e/rk20140812_2bvr169812.html",2014,2,"Landau","König","Maidowski","Landau","Kessal-Wulf","König","Maidowski Müller Huber Hermanns Voßkuhle",1,"Kessal-Wulf","Maidowski","Landau König Maidowski",2,0,"1","Maidowski Müller Huber Hermanns Voßkuhle",2,FALSE,0
"4538",1585,"2 BvR 1513/14",2014-08-18,2,0,"http://www.bverfg.de/e/rk20140818_2bvr151314.html",2014,2,"Landau","Müller","König","Landau","Kessal-Wulf","König","Maidowski Müller Huber Hermanns Voßkuhle",1,"Kessal-Wulf","Müller","Landau König Maidowski",2,0,"2","Maidowski Müller Huber Hermanns Voßkuhle",1,FALSE,1
"4569",1400,"2 BvR 869/15",2015-05-29,2,0,"http://www.bverfg.de/e/rk20150529_2bvr086915.html",2015,2,"Hermanns","Kessal-Wulf","König","Landau","Kessal-Wulf","König","Maidowski Müller Huber Hermanns Voßkuhle",1,"Landau","Hermanns","Kessal-Wulf König Maidowski",2,0,"4","Maidowski Müller Huber Hermanns Voßkuhle",2,FALSE,1
"4582",1325,"2 BvR 1180/15",2015-08-12,2,0,"http://www.bverfg.de/e/rk20150812_2bvr118015.html",2015,2,"Landau","König","Maidowski","Landau","Kessal-Wulf","König","Maidowski Müller Huber Hermanns Voßkuhle",1,"Kessal-Wulf","Maidowski","Landau König Maidowski",2,0,"1","Maidowski Müller Huber Hermanns Voßkuhle",2,FALSE,0
"4583",1310,"2 BvR 1554/15",2015-08-25,2,0,"http://www.bverfg.de/e/rk20150825_2bvr155415.html",2015,2,"Landau","Kessal-Wulf","Maidowski","Landau","Kessal-Wulf","König","Maidowski Müller Huber Hermanns Voßkuhle",1,"König","Maidowski","Landau Kessal-Wulf Maidowski",1,0,"1","Maidowski Müller Huber Hermanns Voßkuhle",1,FALSE,0
"4629",918,"2 BvQ 36/16",2016-08-10,2,1,"http://www.bverfg.de/e/qk20160810_2bvq003616.html",2016,2,"Müller","König","Langenfeld","Huber","Kessal-Wulf","König","Langenfeld Müller Hermanns Maidowski Voßkuhle",1,"Huber Kessal-Wulf","Müller Langenfeld","König Langenfeld Müller",1,0,"1 2","Langenfeld Müller Voßkuhle",1,FALSE,0
"4634",909,"2 BvR 1714/16",2016-08-25,2,0,"http://www.bverfg.de/e/rk20160825_2bvr171416.html",2016,2,"Müller","Kessal-Wulf","Langenfeld","Huber","Kessal-Wulf","König","Langenfeld Müller Hermanns Maidowski Voßkuhle",1,"Huber König","Müller Langenfeld","Kessal-Wulf Langenfeld Müller",0,1,"1 2","Langenfeld Müller Voßkuhle",0,FALSE,0
"4637",901,"2 BvR 890/16",2016-09-06,2,0,"http://www.bverfg.de/e/rk20160906_2bvr089016.html",2016,2,"König","Maidowski","Langenfeld","Huber","Kessal-Wulf","König","Langenfeld Müller Hermanns Maidowski Voßkuhle",1,"Huber Kessal-Wulf","Maidowski Langenfeld","König Langenfeld Müller",1,0,"1 3","Langenfeld Müller Maidowski Voßkuhle",2,FALSE,1
"4658",788,"2 BvR 2023/16",2016-12-23,2,0,"http://www.bverfg.de/e/rk20161223_2bvr202316.html",2016,2,"Huber","Kessal-Wulf","Langenfeld","Huber","Kessal-Wulf","König","Langenfeld Müller Hermanns Maidowski Voßkuhle",1,"König","Langenfeld","Huber Kessal-Wulf Langenfeld",0,1,"1","Langenfeld Müller Hermanns Maidowski Voßkuhle",0,FALSE,0
"4683",663,"2 BvQ 22/17",2017-05-05,2,1,"http://www.bverfg.de/e/qk20170505_2bvq002217.html",2017,2,"Hermanns","Kessal-Wulf","Langenfeld","Huber","Kessal-Wulf","König","Langenfeld Müller Hermanns Maidowski Voßkuhle",1,"Huber König","Hermanns Langenfeld","Kessal-Wulf Langenfeld Müller",0,1,"1 3","Langenfeld Müller Hermanns Maidowski Voßkuhle",1,FALSE,1
"4712",524,"2 BvR 1866/17",2017-09-07,2,0,"http://www.bverfg.de/e/rk20170907_2bvr186617.html",2017,2,"König","Maidowski","Langenfeld","Huber","Kessal-Wulf","König","Langenfeld Müller Hermanns Maidowski Voßkuhle",1,"Huber Kessal-Wulf","Maidowski Langenfeld","König Langenfeld Müller",1,0,"1 3","Langenfeld Müller Maidowski Voßkuhle",2,FALSE,1
"4753",332,"2 BvQ 35/18",2018-04-27,2,1,"http://www.bverfg.de/e/qk20180427_2bvq003518.html",2018,2,"Kessal-Wulf","König","Langenfeld","Huber","Kessal-Wulf","König","Langenfeld Müller Hermanns Maidowski Voßkuhle",1,"Huber","Langenfeld","Kessal-Wulf König Langenfeld",1,0,"1","Langenfeld Müller Hermanns Maidowski Voßkuhle",1,FALSE,0
"4762",229,"2 BvR 1845/18",2018-08-24,2,0,"http://www.bverfg.de/e/rk20180824_2bvr184518.html",2018,2,"Huber","Müller","Kessal-Wulf","Huber","Kessal-Wulf","König","Langenfeld Müller Hermanns Maidowski Voßkuhle",1,"König","Müller","Huber Kessal-Wulf Langenfeld",0,1,"2","Langenfeld Müller Hermanns Maidowski Voßkuhle",0,FALSE,1
"4830",6774,"2 BvR 1206/98",1998-07-31,2,0,"http://www.bverfg.de/e/rk19980731_2bvr120698.html",1998,3,"Graßhof","Kirchhof","Jentsch","Limbach","Graßhof","Kirchhof","Hassemer Jentsch Sommer Winter Kruis",1,"Limbach","Jentsch","Graßhof Kirchhof Jentsch",1,0,"1","Jentsch Sommer Winter Kruis",1,FALSE,0
"4833",6760,"2 BvQ 28/98",1998-08-11,2,1,"http://www.bverfg.de/e/qk19980811_2bvq002898.html",1998,3,"Limbach","Graßhof","Sommer","Limbach","Graßhof","Kirchhof","Hassemer Jentsch Sommer Winter Kruis",1,"Kirchhof","Sommer","Limbach Graßhof Hassemer",3,1,"3","Hassemer Jentsch Sommer Winter Kruis",3,FALSE,1
"4847",6551,"2 BvQ 5/99",1999-03-31,2,1,"http://www.bverfg.de/e/qk19990331_2bvq000599.html",1999,3,"Kirchhof","Jentsch","Osterloh","Limbach","Kirchhof","Jentsch","Osterloh Broß Sommer Winter Hassemer",1,"Limbach","Osterloh","Kirchhof Jentsch Osterloh",1,0,"1","Osterloh Broß Sommer Winter",1,FALSE,0
"4856",6461,"2 BvR 1177/99",1999-07-26,2,0,"http://www.bverfg.de/e/rk19990726_2bvr117799.html",1999,3,"Limbach","Jentsch","Osterloh","Limbach","Kirchhof","Jentsch","Osterloh Broß Sommer Winter Hassemer",1,"Kirchhof","Osterloh","Limbach Jentsch Osterloh",2,0,"1","Osterloh Broß Sommer Hassemer",2,FALSE,0
"4857",6439,"2 BvR 1442/99",1999-08-13,2,0,"http://www.bverfg.de/e/rk19990813_2bvr144299.html",1999,3,"Limbach","Sommer","Jentsch","Limbach","Kirchhof","Jentsch","Osterloh Broß Sommer Winter Hassemer",1,"Kirchhof","Sommer","Limbach Jentsch Osterloh",2,0,"3","Osterloh Broß Sommer Hassemer",2,FALSE,1
"4859",6437,"2 BvR 1307/99",1999-08-16,2,0,"http://www.bverfg.de/e/rk19990816_2bvr130799.html",1999,3,"Sommer","Jentsch","Broß","Limbach","Kirchhof","Jentsch","Osterloh Broß Sommer Winter Hassemer",1,"Limbach","Broß","Sommer Jentsch Osterloh",2,0,"2","Osterloh Broß Hassemer",1,FALSE,1
"4871",6285,"2 BvQ 60/99",2000-01-12,2,1,"http://www.bverfg.de/e/qk20000112_2bvq006099.html",2000,3,"Hassemer","Broß","DiFabio","Limbach","Winter","Hassemer","DiFabio Jentsch Osterloh Broß Sommer",1,"Limbach Winter","BroßDiFabio BroßDiFabio","Hassemer Broß DiFabio BroßDiFabio Jentsch",1,0,"1","BroßDiFabio Jentsch",1,FALSE,0
"4882",6232,"2 BvR 2352/99",2000-02-24,2,0,"http://www.bverfg.de/e/rk20000224_2bvr235299.html",2000,3,"Hassemer","Broß","DiFabio","Limbach","Winter","Hassemer","DiFabio Jentsch Osterloh Broß Sommer",1,"Limbach Winter","BroßDiFabio BroßDiFabio","Hassemer Broß DiFabio BroßDiFabio Jentsch",1,0,"1","BroßDiFabio Jentsch Osterloh Sommer",1,FALSE,0
"4912",6067,"2 BvR 1261/00",2000-07-31,2,0,"http://www.bverfg.de/e/rk20000731_2bvr126100.html",2000,3,"Hassemer","Broß","Osterloh","Limbach","Winter","Hassemer","DiFabio Jentsch Osterloh Broß Sommer",1,"Limbach","Osterloh","Hassemer Broß BroßDiFabio",1,0,"3","BroßDiFabio Jentsch Osterloh Sommer",2,FALSE,1
"4916",6051,"2 BvR 1372/00",2000-08-21,2,0,"http://www.bverfg.de/e/rk20000821_2bvr137200.html",2000,3,"Limbach","Sommer","Broß","Limbach","Winter","Hassemer","DiFabio Jentsch Osterloh Broß Sommer",1,"Hassemer","Sommer","Limbach Broß BroßDiFabio",1,0,"4","BroßDiFabio Jentsch Osterloh Sommer",2,FALSE,1
"4981",5625,"2 BvQ 30/01",2001-08-01,2,1,"http://www.bverfg.de/e/qk20010801_2bvq003001.html",2001,3,"Hassemer","DiFabio","Mellinghoff","Limbach","Hassemer","Mellinghoff","DiFabio Jentsch Broß Sommer Osterloh",1,"Limbach","DiFabio","Hassemer Mellinghoff DiFabio",1,0,"1","DiFabio Jentsch Broß Sommer Osterloh",1,FALSE,0
"4983",5609,"2 BvR 1349/01",2001-08-14,2,0,"http://www.bverfg.de/e/rk20010814_2bvr134901.html",2001,3,"Limbach","Jentsch","Hassemer","Limbach","Hassemer","Mellinghoff","DiFabio Jentsch Broß Sommer Osterloh",1,"Mellinghoff","Jentsch","Limbach Hassemer DiFabio",2,0,"2","DiFabio Jentsch Broß Sommer Osterloh",2,FALSE,1
"4991",5585,"2 BvR 1523/01",2001-09-10,2,0,"http://www.bverfg.de/e/rk20010910_2bvr152301.html",2001,3,"Limbach","Hassemer","Osterloh","Limbach","Hassemer","Mellinghoff","DiFabio Jentsch Broß Sommer Osterloh",1,"Mellinghoff","Osterloh","Limbach Hassemer DiFabio",2,0,"5","DiFabio Jentsch Broß Sommer Osterloh",3,FALSE,1
"4993",5570,"2 BvR 1349/01",2001-09-20,2,0,"http://www.bverfg.de/e/rk20010920_2bvr134901.html",2001,3,"Broß","Hassemer","Mellinghoff","Limbach","Hassemer","Mellinghoff","DiFabio Jentsch Broß Sommer Osterloh",1,"Limbach","Broß","Hassemer Mellinghoff DiFabio",1,0,"3","DiFabio Jentsch Broß Sommer Osterloh",1,FALSE,1
"5057",5396,"2 BvQ 7/02",2002-01-30,2,1,"http://www.bverfg.de/e/qk20020130_2bvq000702.html",2002,3,"Limbach","Hassemer","DiFabio","Limbach","Hassemer","Mellinghoff","DiFabio Jentsch Broß Sommer Osterloh",1,"Mellinghoff","DiFabio","Limbach Hassemer DiFabio",2,0,"1","DiFabio Jentsch Broß Sommer Osterloh",2,FALSE,0
"5080",5324,"2 BvR 397/02",2002-03-21,2,0,"http://www.bverfg.de/e/rk20020321_2bvr039702.html",2002,3,"Sommer","Hassemer","Osterloh","Limbach","Hassemer","Mellinghoff","DiFabio Jentsch Broß Sommer Osterloh",1,"Limbach Mellinghoff","Sommer Osterloh","Hassemer DiFabio Jentsch",1,0,"4 5","DiFabio Jentsch Broß Sommer Osterloh",3,FALSE,1
"5102",5237,"2 BvQ 31/02",2002-06-20,2,1,"http://www.bverfg.de/e/qk20020620_2bvq003102.html",2002,3,"Sommer","Osterloh","Mellinghoff","Hassemer","Osterloh","Mellinghoff","Lübbe-Wolff DiFabio Sommer Broß Jentsch",1,"Hassemer","Sommer","Osterloh Mellinghoff DiFabio",1,0,"2","DiFabio Sommer Jentsch",2,FALSE,1
"5103",5229,"2 BvR 729/02",2002-06-27,2,0,"http://www.bverfg.de/e/rk20020627_2bvr072902.html",2002,3,"Hassemer","Sommer","Lübbe-Wolff","Hassemer","Osterloh","Mellinghoff","Lübbe-Wolff DiFabio Sommer Broß Jentsch",1,"Osterloh Mellinghoff","Sommer Lübbe-Wolff","Hassemer Lübbe-Wolff DiFabio",2,0,"1 3","Lübbe-Wolff DiFabio Sommer Jentsch",3,FALSE,1
"5115",5177,"2 BvR 932/02",2002-08-12,2,0,"http://www.bverfg.de/e/rk20020812_2bvr093202.html",2002,3,"Hassemer","Sommer","Broß","Hassemer","Osterloh","Mellinghoff","Lübbe-Wolff DiFabio Sommer Broß Jentsch",1,"Osterloh Mellinghoff","Sommer Broß","Hassemer Lübbe-Wolff DiFabio",2,0,"3 4","Lübbe-Wolff DiFabio Sommer Broß Jentsch",2,FALSE,1
"5161",5056,"2 BvR 1570/00",2002-12-10,2,0,"http://www.bverfg.de/e/rk20021210_2bvr157000.html",2002,3,"Hassemer","Osterloh","Lübbe-Wolff","Hassemer","Osterloh","Mellinghoff","Lübbe-Wolff DiFabio Sommer Broß Jentsch",1,"Mellinghoff","Lübbe-Wolff","Hassemer Osterloh Lübbe-Wolff",3,1,"1","Lübbe-Wolff DiFabio Sommer Broß Jentsch",3,FALSE,0
"5177",5014,"2 BvR 2045/02",2003-01-02,2,0,"http://www.bverfg.de/e/rk20030102_2bvr204502.html",2003,3,"Hassemer","Broß","Mellinghoff","Hassemer","Osterloh","Mellinghoff","Lübbe-Wolff DiFabio Sommer Broß Jentsch",1,"Osterloh","Broß","Hassemer Mellinghoff Lübbe-Wolff",2,0,"4","Lübbe-Wolff DiFabio Sommer Broß Jentsch",1,FALSE,1
"5215",4829,"2 BvR 1071/03",2003-08-06,2,0,"http://www.bverfg.de/e/rk20030806_2bvr107103.html",2003,3,"Hassemer","Broß","Mellinghoff","Hassemer","Osterloh","Mellinghoff","Gerhardt DiFabio Broß Lübbe-Wolff Jentsch",1,"Osterloh","Broß","Hassemer Mellinghoff Gerhardt",2,0,"3","Gerhardt DiFabio Broß Lübbe-Wolff Jentsch",1,FALSE,1
"5287",4549,"2 BvR 1802/02",2004-06-03,2,0,"http://www.bverfg.de/e/rk20040603_2bvr180202.html",2004,3,"Osterloh","Mellinghoff","Gerhardt","Hassemer","Osterloh","Mellinghoff","Gerhardt DiFabio Broß Lübbe-Wolff Jentsch",1,"Hassemer","Gerhardt","Osterloh Mellinghoff Gerhardt",2,0,"1","Gerhardt DiFabio Broß Lübbe-Wolff Jentsch",2,FALSE,0
"5362",4126,"2 BvR 2057/05",2005-12-29,2,0,"http://www.bverfg.de/e/rk20051229_2bvr205705.html",2005,3,"Broß","Osterloh","Landau","Broß","Osterloh","Mellinghoff","Landau DiFabio Hassemer Gerhardt Lübbe-Wolff",1,"Mellinghoff","Landau","Broß Osterloh Landau",1,0,"1","Landau DiFabio Gerhardt Lübbe-Wolff",1,FALSE,0
"5378",4031,"2 BvR 619/06",2006-04-06,2,0,"http://www.bverfg.de/e/rk20060406_2bvr061906.html",2006,3,"Osterloh","Mellinghoff","Landau","Broß","Osterloh","Mellinghoff","Landau DiFabio Hassemer Gerhardt Lübbe-Wolff",1,"Broß","Landau","Osterloh Mellinghoff Landau",1,0,"1","Landau DiFabio Hassemer Gerhardt Lübbe-Wolff",1,FALSE,0
"5394",3922,"2 BvR 375/00",2006-07-14,2,0,"http://www.bverfg.de/e/rk20060714_2bvr037500.html",2006,3,"Broß","Osterloh","Landau","Broß","Osterloh","Mellinghoff","Landau DiFabio Hassemer Gerhardt Lübbe-Wolff",1,"Mellinghoff","Landau","Broß Osterloh Landau",1,0,"1","Landau DiFabio Hassemer Gerhardt Lübbe-Wolff",1,FALSE,0
"5397",3891,"2 BvR 1552/06",2006-08-24,2,0,"http://www.bverfg.de/e/rk20060824_2bvr155206.html",2006,3,"DiFabio","Mellinghoff","Gerhardt","Broß","Osterloh","Mellinghoff","Landau DiFabio Hassemer Gerhardt Lübbe-Wolff",1,"Broß Osterloh","DiFabio Gerhardt","Mellinghoff Landau DiFabio",0,1,"2 4","Landau DiFabio Hassemer Gerhardt Lübbe-Wolff",1,FALSE,1
"5418",3629,"2 BvR 1609/07",2007-08-08,2,0,"http://www.bverfg.de/e/rk20070808_2bvr160907.html",2007,3,"Broß","Mellinghoff","Landau","Broß","Osterloh","Mellinghoff","Landau DiFabio Hassemer Gerhardt Lübbe-Wolff",1,"Osterloh","Landau","Broß Mellinghoff Landau",0,1,"1","Landau DiFabio Hassemer Gerhardt Lübbe-Wolff",0,FALSE,0
"5419",3626,"2 BvR 1485/07",2007-08-15,2,0,"http://www.bverfg.de/e/rk20070815_2bvr148507.html",2007,3,"Broß","Mellinghoff","Gerhardt","Broß","Osterloh","Mellinghoff","Landau DiFabio Hassemer Gerhardt Lübbe-Wolff",1,"Osterloh","Gerhardt","Broß Mellinghoff Landau",0,1,"4","Landau DiFabio Hassemer Gerhardt Lübbe-Wolff",1,FALSE,1
"5477",3327,"2 BvR 1794/08",2008-09-03,2,0,"http://www.bverfg.de/e/rk20080903_2bvr179408.html",2008,3,"Voßkuhle","Mellinghoff","Lübbe-Wolff","Mellinghoff","Lübbe-Wolff","Gerhardt","Voßkuhle Osterloh Landau DiFabio Broß",1,"Gerhardt","Voßkuhle","Mellinghoff Lübbe-Wolff Voßkuhle",2,0,"1","Voßkuhle Osterloh Landau DiFabio Broß",2,FALSE,0
"5514",2991,"2 BvR 1274/09",2009-07-30,2,0,"http://www.bverfg.de/e/rk20090730_2bvr127409.html",2009,3,"Voßkuhle","Mellinghoff","Gerhardt","Voßkuhle","Mellinghoff","Lübbe-Wolff","Gerhardt Osterloh Landau DiFabio Broß",1,"Lübbe-Wolff","Gerhardt","Voßkuhle Mellinghoff Gerhardt",2,0,"1","Gerhardt Osterloh Landau Broß",2,FALSE,0
"5515",2987,"2 BvQ 45/09",2009-07-31,2,1,"http://www.bverfg.de/e/qk20090731_2bvq004509.html",2009,3,"Voßkuhle","DiFabio","Mellinghoff","Voßkuhle","Mellinghoff","Lübbe-Wolff","Gerhardt Osterloh Landau DiFabio Broß",1,"Lübbe-Wolff","DiFabio","Voßkuhle Mellinghoff Gerhardt",2,0,"4","Gerhardt Osterloh Landau DiFabio Broß",1,FALSE,1
"5518",2965,"2 BvR 1898/09",2009-08-24,2,0,"http://www.bverfg.de/e/rk20090824_2bvr189809.html",2009,3,"Mellinghoff","Lübbe-Wolff","Gerhardt","Voßkuhle","Mellinghoff","Lübbe-Wolff","Gerhardt Osterloh Landau DiFabio Broß",1,"Voßkuhle","Gerhardt","Mellinghoff Lübbe-Wolff Gerhardt",2,0,"1","Gerhardt Osterloh Landau DiFabio Broß",2,FALSE,0
"5524",2945,"2 BvQ 57/09",2009-09-08,2,1,"http://www.bverfg.de/e/qk20090908_2bvq005709.html",2009,3,"Voßkuhle","Osterloh","Gerhardt","Voßkuhle","Mellinghoff","Lübbe-Wolff","Gerhardt Osterloh Landau DiFabio Broß",1,"Mellinghoff Lübbe-Wolff","Osterloh Gerhardt","Voßkuhle Gerhardt Osterloh",3,1,"1 2","Gerhardt Osterloh Landau DiFabio Broß",3,FALSE,0
"5555",2657,"2 BvR 1646/10",2010-08-05,2,0,"http://www.bverfg.de/e/rk20100805_2bvr164610.html",2010,3,"Voßkuhle","Mellinghoff","Gerhardt","Voßkuhle","Mellinghoff","Lübbe-Wolff","Gerhardt Osterloh Landau DiFabio Broß",1,"Lübbe-Wolff","Gerhardt","Voßkuhle Mellinghoff Gerhardt",2,0,"1","Gerhardt Osterloh Landau DiFabio Broß",2,FALSE,0
"5558",2649,"2 BvR 1762/10",2010-08-16,2,0,"http://www.bverfg.de/e/rk20100816_2bvr176210.html",2010,3,"Voßkuhle","Mellinghoff","Gerhardt","Voßkuhle","Mellinghoff","Lübbe-Wolff","Gerhardt Osterloh Landau DiFabio Broß",1,"Lübbe-Wolff","Gerhardt","Voßkuhle Mellinghoff Gerhardt",2,0,"1","Gerhardt Osterloh Landau DiFabio Broß",2,FALSE,0
"5559",2644,"2 BvQ 56/10",2010-08-23,2,1,"http://www.bverfg.de/e/qk20100823_2bvq005610.html",2010,3,"Voßkuhle","Lübbe-Wolff","Gerhardt","Voßkuhle","Mellinghoff","Lübbe-Wolff","Gerhardt Osterloh Landau DiFabio Broß",1,"Mellinghoff","Gerhardt","Voßkuhle Lübbe-Wolff Gerhardt",3,1,"1","Gerhardt Osterloh Landau DiFabio Broß",3,FALSE,0
"5586",2428,"2 BvR 633/11",2011-04-21,2,0,"http://www.bverfg.de/e/rk20110421_2bvr063311.html",2011,3,"Mellinghoff","Lübbe-Wolff","Landau","Mellinghoff","Lübbe-Wolff","Huber","Landau Gerhardt Voßkuhle Hermanns DiFabio",1,"Huber","Landau","Mellinghoff Lübbe-Wolff Landau",1,0,"1","Landau Gerhardt Voßkuhle Hermanns DiFabio",1,FALSE,0
"5592",2405,"2 BvR 942/11",2011-05-17,2,0,"http://www.bverfg.de/e/rk20110517_2bvr094211.html",2011,3,"Mellinghoff","Landau","Huber","Mellinghoff","Lübbe-Wolff","Huber","Landau Gerhardt Voßkuhle Hermanns DiFabio",1,"Lübbe-Wolff","Landau","Mellinghoff Huber Landau",0,1,"1","Landau Gerhardt Voßkuhle Hermanns DiFabio",0,FALSE,0
"5606",2315,"2 BvR 1516/11",2011-09-15,2,0,"http://www.bverfg.de/e/rk20110915_2bvr151611.html",2011,3,"Lübbe-Wolff","Landau","Huber","Mellinghoff","Lübbe-Wolff","Huber","Landau Gerhardt Voßkuhle Hermanns DiFabio",1,"Mellinghoff","Landau","Lübbe-Wolff Huber Landau",1,0,"1","Landau Gerhardt Voßkuhle Hermanns DiFabio",1,FALSE,0
"5629",2271,"2 BvR 2567/10",2011-10-28,2,0,"http://www.bverfg.de/e/rk20111028_2bvr256710.html",2011,3,"Huber","Landau","Lübbe-Wolff","Mellinghoff","Lübbe-Wolff","Huber","Landau Gerhardt Voßkuhle Hermanns DiFabio",1,"Mellinghoff","Landau","Huber Lübbe-Wolff Landau",1,0,"1","Landau Gerhardt Voßkuhle Hermanns",1,FALSE,0
"5656",2086,"2 BvR 611/12",2012-05-31,2,0,"http://www.bverfg.de/e/rk20120531_2bvr061112.html",2012,3,"Lübbe-Wolff","Gerhardt","Huber","Lübbe-Wolff","Huber","Kessal-Wulf","Landau Gerhardt Voßkuhle Müller Hermanns",1,"Kessal-Wulf","Gerhardt","Lübbe-Wolff Huber Landau",1,0,"2","Landau Gerhardt Voßkuhle Müller Hermanns",2,FALSE,1
"5719",1635,"2 BvR 878/14",2014-06-04,2,0,"http://www.bverfg.de/e/rk20140604_2bvr087814.html",2014,3,"Huber","Kessal-Wulf","König","Landau","Kessal-Wulf","König","Huber Gerhardt Voßkuhle Müller Hermanns",1,"Landau","Huber","Kessal-Wulf König Huber",1,0,"1","Huber Gerhardt Voßkuhle Müller Hermanns",1,FALSE,0
"5735",1546,"2 BvR 2343/14",2014-10-14,2,0,"http://www.bverfg.de/e/rk20141014_2bvr234314.html",2014,3,"Landau","Müller","Maidowski","Huber","Müller","Maidowski","Hermanns Landau Voßkuhle König Kessal-Wulf",1,"Huber","Landau","Müller Maidowski Hermanns",2,0,"2","Hermanns Landau Voßkuhle König Kessal-Wulf",1,FALSE,1
"5740",1526,"2 BvR 2735/14",2014-11-27,2,0,"http://www.bverfg.de/e/rk20141127_2bvr273514.html",2014,3,"Huber","Hermanns","Müller","Huber","Müller","Maidowski","Hermanns Landau Voßkuhle König Kessal-Wulf",1,"Maidowski","Hermanns","Huber Müller Hermanns",1,0,"1","Hermanns Landau Voßkuhle König Kessal-Wulf",1,FALSE,0
"5773",1307,"2 BvR 2343/14",2015-09-02,2,0,"http://www.bverfg.de/e/rk20150902_2bvr234314.html",2015,3,"Müller","Kessal-Wulf","Maidowski","Huber","Müller","Maidowski","Hermanns Landau Voßkuhle König Kessal-Wulf",1,"Huber","Kessal-Wulf","Müller Maidowski Hermanns",2,0,"4","Hermanns Landau Voßkuhle Kessal-Wulf",1,FALSE,1
"5784",1208,"2 BvQ 43/15",2015-11-27,2,1,"http://www.bverfg.de/e/qk20151127a_2bvq004315.html",2015,3,"Landau","Müller","Kessal-Wulf","Huber","Müller","Maidowski","Hermanns Landau Voßkuhle König Kessal-Wulf",1,"Huber Maidowski","Landau Kessal-Wulf","Müller Hermanns Landau",1,0,"2 5","Hermanns Landau Voßkuhle König Kessal-Wulf",0,FALSE,1
"5808",1076,"2 BvR 273/16",2016-04-21,2,0,"http://www.bverfg.de/e/rk20160421_2bvr027316.html",2016,3,"Hermanns","Müller","Maidowski","Huber","Müller","Maidowski","Hermanns Landau Voßkuhle König Kessal-Wulf",1,"Huber","Hermanns","Müller Maidowski Hermanns",2,0,"1","Hermanns Landau König Kessal-Wulf",2,FALSE,0
"5809",1067,"2 BvR 890/16",2016-04-29,2,0,"http://www.bverfg.de/e/rk20160429_2bvr089016.html",2016,3,"Huber","Kessal-Wulf","Maidowski","Huber","Müller","Maidowski","Hermanns Landau Voßkuhle König Kessal-Wulf",1,"Müller","Kessal-Wulf","Huber Maidowski Hermanns",2,0,"4","Hermanns Landau König Kessal-Wulf",1,FALSE,1
"5810",1056,"2 BvR 890/16",2016-05-06,2,0,"http://www.bverfg.de/e/rk20160506a_2bvr089016.html",2016,3,"Hermanns","Müller","Maidowski","Huber","Müller","Maidowski","Hermanns Landau Voßkuhle König Kessal-Wulf",1,"Huber","Hermanns","Müller Maidowski Hermanns",2,0,"1","Hermanns Landau Voßkuhle König Kessal-Wulf",2,FALSE,0
"5832",945,"2 BvR 1385/16",2016-07-20,2,0,"http://www.bverfg.de/e/rk20160720_2bvr138516.html",2016,3,"Huber","Müller","Maidowski","Hermanns","Müller","Langenfeld","Maidowski Kessal-Wulf Voßkuhle König Huber",1,"Hermanns Langenfeld","Huber Maidowski","Müller Maidowski Kessal-Wulf",1,0,"1 5","Maidowski Kessal-Wulf Voßkuhle König Huber",1,FALSE,1
"5833",908,"2 BvQ 46/16",2016-08-26,2,1,"http://www.bverfg.de/e/qk20160826_2bvq004616.html",2016,3,"Müller","Kessal-Wulf","Langenfeld","Hermanns","Müller","Langenfeld","Maidowski Kessal-Wulf Voßkuhle König Huber",1,"Hermanns","Kessal-Wulf","Müller Langenfeld Kessal-Wulf",0,1,"1","Kessal-Wulf Voßkuhle",0,FALSE,0
"5861",541,"2 BvR 1879/17",2017-08-24,2,0,"http://www.bverfg.de/e/rk20170824_2bvr187917.html",2017,3,"Müller","Kessal-Wulf","Maidowski","Hermanns","Müller","Langenfeld","Maidowski Kessal-Wulf Voßkuhle König Huber",1,"Hermanns Langenfeld","Kessal-Wulf Maidowski","Müller Maidowski Kessal-Wulf",1,0,"1 2","Maidowski Kessal-Wulf Voßkuhle König Huber",1,FALSE,0
"5922",5883,"2 BvR 2318/97",2000-12-21,2,0,"http://www.bverfg.de/e/rk20001221_2bvr231897.html",2000,4,"Limbach","Broß","DiFabio","Limbach","Jentsch","DiFabio","Osterloh Broß Sommer Winter Hassemer",1,"Jentsch","Broß","Limbach DiFabio Osterloh",2,0,"2","Osterloh Broß Sommer Hassemer",1,FALSE,1
